"","name","line","PlaceIsol","drug","RAD80","RAD50","RAD20","FoG80","FoG50","FoG20","slope","...12","...13","type","replicate"
"1","211126_YST6_R1_A_BA_48h","YST6","R1","BA",6,10,13,0.19,0.37,0.35,25.7,NA,NA,"R",1
"2","211126_YST6_R1_B_BA_48h","YST6","R1","BA",5,8,13,0.19,0.35,0.43,15,NA,NA,"R",1
"3","220113_YST6_R1_A_BA_48hr","YST6","R1","BA",3,8,9,0.21,0.48,0.38,29.5,NA,NA,"R",1
"4","220113_YST6_R1_B_BA_48hr","YST6","R1","BA",5,7,10,0.21,0.31,0.38,35.4,NA,NA,"R",1
"5","211126_YST6_R2_A_BA_48h","YST6","R2","BA",6,8,15,0.23,0.24,0.47,22,NA,NA,"R",2
"6","211126_YST6_R2_B_BA_48h","YST6","R2","BA",5,8,12,0.18,0.34,0.39,25.6,NA,NA,"R",2
"7","220113_YST6_R2_A_BA_48hr","YST6","R2","BA",6,9,11,0.23,0.33,0.3,35.8,NA,NA,"R",2
"8","220113_YST6_R2_B_BA_48hr","YST6","R2","BA",6,8,9,0.37,0.28,0.24,43.2,NA,NA,"R",2
"9","211126_YST6_R3_A_BA_48h","YST6","R3","BA",9,10,24,0.13,0.15,0.55,24.4,NA,NA,"R",3
"10","211126_YST6_R3_B_BA_48h","YST6","R3","BA",11,13,18,0.15,0.15,0.29,41.3,NA,NA,"R",3
"11","220113_YST6_R3_A_BA_48hr","YST6","R3","BA",4,8,10,0.32,0.48,0.37,18.4,NA,NA,"R",3
"12","220113_YST6_R3_B_BA_48hr","YST6","R3","BA",4,8,10,0.19,0.46,0.39,26.3,NA,NA,"R",3
"13","211126_YST6_R4_A_BA_48h","YST6","R4","BA",7,8,14,0.21,0.2,0.43,25.6,NA,NA,"R",4
"14","211126_YST6_R4_B_BA_48h","YST6","R4","BA",5,9,12,0.31,0.42,0.39,24.3,NA,NA,"R",4
"15","220113_YST6_R4_A_BA_48hr","YST6","R4","BA",8,12,14,0.13,0.3,0.29,33,NA,NA,"R",4
"16","220113_YST6_R4_B_BA_48hr","YST6","R4","BA",2,6,8,0.54,0.53,0.42,22.4,NA,NA,"R",4
"17","211126_YST6_R5_A_BA_48h","YST6","R5","BA",6,9,11,0.16,0.24,0.28,24.6,NA,NA,"R",5
"18","211126_YST6_R5_B_BA_48h","YST6","R5","BA",4,8,13,0.22,0.42,0.45,16.5,NA,NA,"R",5
"19","220113_YST6_R5_A_BA_48hr","YST6","R5","BA",4,7,10,0.12,0.36,0.38,28.4,NA,NA,"R",5
"20","220113_YST6_R5_B_BA_48hr","YST6","R5","BA",3,7,8,0.42,0.39,0.36,29.4,NA,NA,"R",5
"21","211126_YST6_R6_A_BA_48h","YST6","R6","BA",7,9,13,0.12,0.18,0.32,36.5,NA,NA,"R",6
"22","211126_YST6_R6_B_BA_48h","YST6","R6","BA",8,9,15,0.1,0.14,0.38,31.2,NA,NA,"R",6
"23","220113_YST6_R6_A_BA_48hr","YST6","R6","BA",4,8,10,0.28,0.49,0.4,25.9,NA,NA,"R",6
"24","220113_YST6_R6_B_BA_48hr","YST6","R6","BA",4,8,10,0.32,0.37,0.38,33.9,NA,NA,"R",6
"25","211209_YST6_R7_A_BA_48hr","YST6","R7","BA",4,10,12,0.17,0.45,0.37,25.2,NA,NA,"R",7
"26","211209_YST6_R7_B_BA_48hr","YST6","R7","BA",4,8,12,0.25,0.4,0.44,24.1,NA,NA,"R",7
"27","220113_YST6_R7_A_BA_48hr","YST6","R7","BA",4,8,9,0.23,0.44,0.35,31,NA,NA,"R",7
"28","220113_YST6_R7_B_BA_48hr","YST6","R7","BA",6,9,11,0.16,0.38,0.34,30.2,NA,NA,"R",7
"29","211209_YST6_R8_A_BA_48hr","YST6","R8","BA",2,5,8,0.8,0.62,0.55,13.7,NA,NA,"R",8
"30","211209_YST6_R8_B_BA_48hr","YST6","R8","BA",3,8,9,0.39,0.52,0.4,19.2,NA,NA,"R",8
"31","220113_YST6_R8_A_BA_48hr","YST6","R8","BA",2,6,10,0.31,0.56,0.55,15.2,NA,NA,"R",8
"32","220113_YST6_R8_B_BA_48hr","YST6","R8","BA",1,6,8,NA,0.57,0.5,24,NA,NA,"R",8
"33","211209_YST6_R9_A_BA_48hr","YST6","R9","BA",4,8,10,0.43,0.4,0.38,22.4,NA,NA,"R",9
"34","211209_YST6_R9_B_BA_48hr","YST6","R9","BA",3,8,10,0.35,0.5,0.44,18.8,NA,NA,"R",9
"35","220113_YST6_R9_A_BA_48hr","YST6","R9","BA",3,8,11,0.48,0.54,0.49,15.3,NA,NA,"R",9
"36","220113_YST6_R9_B_BA_48hr","YST6","R9","BA",2,7,9,0.65,0.63,0.49,11.7,NA,NA,"R",9
"37","211209_YST6_R10_A_BA_48hr","YST6","R10","BA",4,6,12,0.3,0.37,0.5,14.5,NA,NA,"R",10
"38","211209_YST6_R10_B_BA_48hr","YST6","R10","BA",4,6,8,0.45,0.37,0.43,11.5,NA,NA,"R",10
"39","220113_YST6_R10_A_BA_48hr","YST6","R10","BA",6,10,11,0.15,0.36,0.3,38.8,NA,NA,"R",10
"40","220113_YST6_R10_B_BA_48hr","YST6","R10","BA",5,7,10,0.16,0.3,0.36,30.6,NA,NA,"R",10
"41","211209_YST6_R11_A_BA_48hr","YST6","R11","BA",2,7,9,0.57,0.43,0.46,19.9,NA,NA,"R",11
"42","211209_YST6_R11_B_BA_48hr","YST6","R11","BA",4,8,12,0.23,0.37,0.41,20.6,NA,NA,"R",11
"43","220113_YST6_R11_A_BA_48hr","YST6","R11","BA",3,7,9,0.32,0.49,0.39,23.1,NA,NA,"R",11
"44","220113_YST6_R11_B_BA_48hr","YST6","R11","BA",6,9,11,0.19,0.32,0.31,36.3,NA,NA,"R",11
"45","211209_YST6_R12_A_BA_48hr","YST6","R12","BA",5,9,11,0.31,0.38,0.36,27.7,NA,NA,"R",12
"46","211209_YST6_R12_B_BA_48hr","YST6","R12","BA",3,8,9,0.26,0.41,0.35,24.1,NA,NA,"R",12
"47","220113_YST6_R12_A_BA_48hr","YST6","R12","BA",8,9,12,0.11,0.15,0.28,43.3,NA,NA,"R",12
"48","220113_YST6_R12_B_BA_48hr","YST6","R12","BA",5,8,10,0.23,0.32,0.31,42.2,NA,NA,"R",12
"49","211216_YST6_R13_A_BA_48hr","YST6","R13","BA",4,9,10,0.39,0.39,0.36,27.8,NA,NA,"R",13
"50","211216_YST6_R13_B_BA_48hr","YST6","R13","BA",5,9,11,0.27,0.4,0.34,29.7,NA,NA,"R",13
"51","220120_YST6_R13_A_BA_48hr","YST6","R13","BA",7,9,10,0.21,0.18,0.21,51.8,NA,NA,"R",13
"52","220120_YST6_R13_B_BA_48hr","YST6","R13","BA",8,10,11,0.19,0.15,0.18,52.4,NA,NA,"R",13
"53","211216_YST6_R14_A_BA_48hr","YST6","R14","BA",4,9,10,0.07,0.38,0.31,27.1,NA,NA,"R",14
"54","211216_YST6_R14_B_BA_48hr","YST6","R14","BA",5,10,11,0.12,0.34,0.3,35.3,NA,NA,"R",14
"55","220120_YST6_R14_A_BA_48hr","YST6","R14","BA",5,7,12,0.17,0.27,0.42,16.8,NA,NA,"R",14
"56","220120_YST6_R14_B_BA_48hr","YST6","R14","BA",6,8,8,0.3,0.27,0.25,13.5,NA,NA,"R",14
"57","211216_YST6_R15_A_BA_48hr","YST6","R15","BA",7,11,12,0.15,0.29,0.26,40.2,NA,NA,"R",15
"58","211216_YST6_R15_B_BA_48hr","YST6","R15","BA",5,8,10,0.32,0.32,0.31,34.4,NA,NA,"R",15
"59","220120_YST6_R15_A_BA_48hr","YST6","R15","BA",8,11,14,0.06,0.23,0.29,34,NA,NA,"R",15
"60","220120_YST6_R15_B_BA_48hr","YST6","R15","BA",5,9,11,0.13,0.41,0.36,22.1,NA,NA,"R",15
"61","211216_YST6_R16_A_BA_48hr","YST6","R16","BA",5,9,11,0.22,0.36,0.31,37.4,NA,NA,"R",16
"62","211216_YST6_R16_B_BA_48hr","YST6","R16","BA",7,10,11,0.18,0.24,0.21,41.9,NA,NA,"R",16
"63","220120_YST6_R16_A_BA_48hr","YST6","R16","BA",5,9,11,0.15,0.4,0.35,31.2,NA,NA,"R",16
"64","220120_YST6_R16_B_BA_48hr","YST6","R16","BA",4,6,8,0.93,0.44,0.44,13.7,NA,NA,"R",16
"65","211216_YST6_R17_A_BA_48hr","YST6","R17","BA",7,11,13,0.13,0.28,0.3,28.8,NA,NA,"R",17
"66","211216_YST6_R17_B_BA_48hr","YST6","R17","BA",6,9,11,0.16,0.32,0.3,33.8,NA,NA,"R",17
"67","220120_YST6_R17_A_BA_48hr","YST6","R17","BA",5,9,10,0.16,0.36,0.3,28.9,NA,NA,"R",17
"68","220120_YST6_R17_B_BA_48hr","YST6","R17","BA",5,7,11,0.12,0.23,0.41,25.7,NA,NA,"R",17
"69","211216_YST6_R18_A_BA_48hr","YST6","R18","BA",4,8,10,0.2,0.41,0.36,30.2,NA,NA,"R",18
"70","211216_YST6_R18_B_BA_48hr","YST6","R18","BA",3,8,9,0.3,0.46,0.34,30.6,NA,NA,"R",18
"71","220120_YST6_R18_A_BA_48hr","YST6","R18","BA",7,8,11,0.11,0.17,0.28,44.7,NA,NA,"R",18
"72","220120_YST6_R18_B_BA_48hr","YST6","R18","BA",6,8,11,0.1,0.2,0.3,36.3,NA,NA,"R",18
"73","220120_YST6_R19_A_BA_48hr","YST6","R19","BA",6,9,10,0.24,0.25,0.24,39.9,NA,NA,"R",19
"74","220120_YST6_R19_A1_BA_48hr","YST6","R19","BA",6,7,11,0.11,0.17,0.34,35.6,NA,NA,"R",19
"75","220120_YST6_R19_B_BA_48hr","YST6","R19","BA",4,8,9,0.28,0.38,0.33,28.3,NA,NA,"R",19
"76","220120_YST6_R19_B1_BA_48hr","YST6","R19","BA",5,9,10,0.13,0.36,0.3,26.3,NA,NA,"R",19
"77","220120_YST6_R20_A_BA_48hr","YST6","R20","BA",4,8,10,0.23,0.34,0.35,26.6,NA,NA,"R",20
"78","220120_YST6_R20_A1_BA_48hr","YST6","R20","BA",7,10,12,0.1,0.27,0.27,36.2,NA,NA,"R",20
"79","220120_YST6_R20_B_BA_48hr","YST6","R20","BA",6,8,11,0.13,0.25,0.31,37.2,NA,NA,"R",20
"80","220120_YST6_R20_B1_BA_48hr","YST6","R20","BA",5,8,11,0.09,0.28,0.33,29.9,NA,NA,"R",20
"81","220120_YST6_R21_A_BA_48hr","YST6","R21","BA",7,10,11,0.12,0.24,0.24,41.9,NA,NA,"R",21
"82","220120_YST6_R21_A1_BA_48hr","YST6","R21","BA",3,8,10,0.22,0.41,0.37,21.6,NA,NA,"R",21
"83","220120_YST6_R21_B_BA_48hr","YST6","R21","BA",7,9,12,0.12,0.22,0.28,36.2,NA,NA,"R",21
"84","220120_YST6_R21_B1_BA_48hr","YST6","R21","BA",7,8,11,0.1,0.16,0.28,38.1,NA,NA,"R",21
"85","220120_YST6_R22_A_BA_48hr","YST6","R22","BA",3,8,9,0.24,0.4,0.34,22.2,NA,NA,"R",22
"86","220120_YST6_R22_A1_BA_48hr","YST6","R22","BA",8,11,13,0.09,0.28,0.27,34.2,NA,NA,"R",22
"87","220120_YST6_R22_B_BA_48hr","YST6","R22","BA",5,8,11,0.16,0.34,0.36,25.8,NA,NA,"R",22
"88","220120_YST6_R22_B1_BA_48hr","YST6","R22","BA",7,10,14,0.09,0.24,0.34,27.5,NA,NA,"R",22
"89","220120_YST6_R23_A_BA_48hr","YST6","R23","BA",6,8,12,0.12,0.22,0.34,23.4,NA,NA,"R",23
"90","220120_YST6_R23_A1_BA_48hr","YST6","R23","BA",4,8,10,0.22,0.34,0.34,20.9,NA,NA,"R",23
"91","220120_YST6_R23_B_BA_48hr","YST6","R23","BA",5,8,10,0.17,0.31,0.33,25.5,NA,NA,"R",23
"92","220120_YST6_R23_B1_BA_48hr","YST6","R23","BA",5,8,12,0.19,0.32,0.39,24.2,NA,NA,"R",23
"93","220120_YST6_R24_A_BA_48hr","YST6","R24","BA",3,8,10,0.2,0.45,0.44,16.3,NA,NA,"R",24
"94","220120_YST6_R24_A1_BA_48hr","YST6","R24","BA",3,8,11,0.25,0.37,0.44,16.4,NA,NA,"R",24
"95","220120_YST6_R24_B_BA_48hr","YST6","R24","BA",5,7,9,0.14,0.26,0.31,38,NA,NA,"R",24
"96","220120_YST6_R24_B1_BA_48hr","YST6","R24","BA",4,7,9,0.13,0.32,0.32,20.1,NA,NA,"R",24
"97","211126_YST6_R1_A_FLC_48h","YST6","R1","FLC",1,1,1,NA,NA,NA,4.5,NA,NA,"R",1
"98","211126_YST6_R1_B_FLC_48h","YST6","R1","FLC",1,1,1,NA,NA,NA,3.5,NA,NA,"R",1
"99","220113_YST6_R1_A_FLC_48hr","YST6","R1","FLC",1,1,1,NA,NA,NA,1.8,NA,NA,"R",1
"100","220113_YST6_R1_B_FLC_48hr","YST6","R1","FLC",1,1,1,NA,NA,NA,1.4,NA,NA,"R",1
"101","211126_YST6_R2_A_FLC_48h","YST6","R2","FLC",1,1,1,NA,NA,NA,1.8,NA,NA,"R",2
"102","211126_YST6_R2_A'_FLC_48h","YST6","R2","FLC",1,1,1,NA,NA,NA,2.6,NA,NA,"R",2
"103","211126_YST6_R2_B_FLC_48h","YST6","R2","FLC",1,1,1,NA,NA,NA,2.8,NA,NA,"R",2
"104","220113_YST6_R2_A_FLC_48hr","YST6","R2","FLC",1,1,1,NA,NA,NA,2.7,NA,NA,"R",2
"105","220113_YST6_R2_B_FLC_48hr","YST6","R2","FLC",0,1,1,NA,NA,NA,6.4,NA,NA,"R",2
"106","211126_YST6_R3_A_FLC_48h","YST6","R3","FLC",1,1,1,NA,NA,NA,2.3,NA,NA,"R",3
"107","211126_YST6_R3_B_FLC_48h","YST6","R3","FLC",0,1,1,NA,NA,NA,5.7,NA,NA,"R",3
"108","220113_YST6_R3_A_FLC_48hr","YST6","R3","FLC",1,1,1,NA,NA,NA,1.1,NA,NA,"R",3
"109","211126_YST6_R4_A_FLC_48h","YST6","R4","FLC",1,1,1,NA,NA,NA,3.8,NA,NA,"R",4
"110","211126_YST6_R4_B_FLC_48h","YST6","R4","FLC",1,1,1,NA,NA,NA,4.2,NA,NA,"R",4
"111","220113_YST6_R4_A_FLC_48hr","YST6","R4","FLC",1,1,1,NA,NA,NA,1.9,NA,NA,"R",4
"112","220113_YST6_R4_B_FLC_48hr","YST6","R4","FLC",0,1,1,NA,NA,NA,5.5,NA,NA,"R",4
"113","211126_YST6_R5_A_FLC_48h","YST6","R5","FLC",0,1,1,NA,NA,NA,5.3,NA,NA,"R",5
"114","211126_YST6_R5_A'_FLC_48h","YST6","R5","FLC",0,1,1,NA,NA,NA,5.2,NA,NA,"R",5
"115","211126_YST6_R5_B_FLC_48h","YST6","R5","FLC",1,1,1,NA,NA,NA,2.3,NA,NA,"R",5
"116","220113_YST6_R5_A_FLC_48hr","YST6","R5","FLC",1,1,1,NA,NA,NA,4.6,NA,NA,"R",5
"117","220113_YST6_R5_B_FLC_48hr","YST6","R5","FLC",0,1,1,NA,NA,NA,5.5,NA,NA,"R",5
"118","211126_YST6_R6_A_FLC_48h","YST6","R6","FLC",1,1,1,NA,NA,NA,4.1,NA,NA,"R",6
"119","211126_YST6_R6_B_FLC_48h","YST6","R6","FLC",1,1,1,NA,NA,NA,2.8,NA,NA,"R",6
"120","220113_YST6_R6_A_FLC_48hr","YST6","R6","FLC",1,1,1,NA,NA,NA,2.1,NA,NA,"R",6
"121","220113_YST6_R6_B_FLC_48hr","YST6","R6","FLC",1,1,1,NA,NA,NA,3.4,NA,NA,"R",6
"122","211209_YST6_R7_A_FLC_48hr","YST6","R7","FLC",1,1,1,NA,NA,NA,3.3,NA,NA,"R",7
"123","211209_YST6_R7_B_FLC_48hr","YST6","R7","FLC",1,1,1,NA,NA,NA,3.3,NA,NA,"R",7
"124","220113_YST6_R7_A_FLC_48hr","YST6","R7","FLC",1,1,1,NA,NA,NA,3,NA,NA,"R",7
"125","220113_YST6_R7_B_FLC_48hr","YST6","R7","FLC",1,1,1,NA,NA,NA,3.6,NA,NA,"R",7
"126","211209_YST6_R8_A_FLC_48hr","YST6","R8","FLC",0,1,1,NA,NA,NA,6.2,NA,NA,"R",8
"127","211209_YST6_R8_B_FLC_48hr","YST6","R8","FLC",1,1,1,NA,NA,NA,3.2,NA,NA,"R",8
"128","220113_YST6_R8_A_FLC_48hr","YST6","R8","FLC",0,1,1,NA,NA,NA,5.7,NA,NA,"R",8
"129","220113_YST6_R8_B_FLC_48hr","YST6","R8","FLC",1,1,1,NA,NA,NA,2.5,NA,NA,"R",8
"130","211209_YST6_R9_A_FLC_48hr","YST6","R9","FLC",1,1,1,NA,NA,NA,4,NA,NA,"R",9
"131","211209_YST6_R9_B_FLC_48hr","YST6","R9","FLC",1,1,1,NA,NA,NA,2.2,NA,NA,"R",9
"132","220113_YST6_R9_A_FLC_48hr","YST6","R9","FLC",1,1,1,NA,NA,NA,2.9,NA,NA,"R",9
"133","220113_YST6_R9_B_FLC_48hr","YST6","R9","FLC",1,1,1,NA,NA,NA,2.1,NA,NA,"R",9
"134","211209_YST6_R10_A_FLC_48hr","YST6","R10","FLC",1,1,1,NA,NA,NA,0.3,NA,NA,"R",10
"135","211209_YST6_R10_B_FLC_48hr","YST6","R10","FLC",1,1,1,NA,NA,NA,3.2,NA,NA,"R",10
"136","220113_YST6_R10_A_FLC_48hr","YST6","R10","FLC",1,1,1,NA,NA,NA,1.6,NA,NA,"R",10
"137","220113_YST6_R10_B_FLC_48hr","YST6","R10","FLC",1,1,1,NA,NA,NA,1.2,NA,NA,"R",10
"138","211209_YST6_R11_A_FLC_48hr","YST6","R11","FLC",1,1,1,NA,NA,NA,3.2,NA,NA,"R",11
"139","211209_YST6_R11_B_FLC_48hr","YST6","R11","FLC",1,1,1,NA,NA,NA,3.6,NA,NA,"R",11
"140","220113_YST6_R11_A_FLC_48hr","YST6","R11","FLC",1,1,1,NA,NA,NA,0.2,NA,NA,"R",11
"141","220113_YST6_R11_B_FLC_48hr","YST6","R11","FLC",1,1,1,NA,NA,NA,2.5,NA,NA,"R",11
"142","211209_YST6_R12_A_FLC_48hr","YST6","R12","FLC",0,1,1,NA,NA,NA,5.3,NA,NA,"R",12
"143","211209_YST6_R12_B_FLC_48hr","YST6","R12","FLC",1,1,1,NA,NA,NA,3.4,NA,NA,"R",12
"144","220113_YST6_R12_A_FLC_48hr","YST6","R12","FLC",1,1,1,NA,NA,NA,3.9,NA,NA,"R",12
"145","220113_YST6_R12_B_FLC_48hr","YST6","R12","FLC",1,1,1,NA,NA,NA,2.2,NA,NA,"R",12
"146","211216_YST6_R13_A_FLC_48hr","YST6","R13","FLC",1,1,1,NA,NA,NA,3.9,NA,NA,"R",13
"147","211216_YST6_R13_B_FLC_48hr","YST6","R13","FLC",1,1,1,NA,NA,NA,4.8,NA,NA,"R",13
"148","220120_YST6_R13_A_FLC_48hr","YST6","R13","FLC",1,1,1,NA,NA,NA,4.9,NA,NA,"R",13
"149","220120_YST6_R13_B_FLC_48hr","YST6","R13","FLC",0,1,1,NA,NA,NA,5.7,NA,NA,"R",13
"150","211216_YST6_R14_A_FLC_48hr","YST6","R14","FLC",1,1,1,NA,NA,NA,3.2,NA,NA,"R",14
"151","211216_YST6_R14_B_FLC_48hr","YST6","R14","FLC",1,1,1,NA,NA,NA,2.8,NA,NA,"R",14
"152","220120_YST6_R14_A_FLC_48hr","YST6","R14","FLC",1,1,1,NA,NA,NA,1.8,NA,NA,"R",14
"153","220120_YST6_R14_B_FLC_48hr","YST6","R14","FLC",1,1,1,NA,NA,NA,2.2,NA,NA,"R",14
"154","211216_YST6_R15_A_FLC_48hr","YST6","R15","FLC",1,1,1,NA,NA,NA,3.5,NA,NA,"R",15
"155","211216_YST6_R15_B_FLC_48hr","YST6","R15","FLC",0,1,1,NA,NA,NA,5.9,NA,NA,"R",15
"156","220120_YST6_R15_A_FLC_48hr","YST6","R15","FLC",1,1,1,NA,NA,NA,0,NA,NA,"R",15
"157","220120_YST6_R15_B_FLC_48hr","YST6","R15","FLC",1,1,1,NA,NA,NA,2.5,NA,NA,"R",15
"158","211216_YST6_R16_A_FLC_48hr","YST6","R16","FLC",0,1,1,NA,NA,NA,5.8,NA,NA,"R",16
"159","211216_YST6_R16_B_FLC_48hr","YST6","R16","FLC",1,1,1,NA,NA,NA,4.9,NA,NA,"R",16
"160","220120_YST6_R16_A_FLC_48hr","YST6","R16","FLC",1,1,1,NA,NA,NA,2.3,NA,NA,"R",16
"161","220120_YST6_R16_B_FLC_48hr","YST6","R16","FLC",0,1,1,NA,NA,NA,5.9,NA,NA,"R",16
"162","211216_YST6_R17_A_FLC_48hr","YST6","R17","FLC",0,1,1,NA,NA,NA,8.7,NA,NA,"R",17
"163","211216_YST6_R17_B_FLC_48hr","YST6","R17","FLC",1,1,1,NA,NA,NA,3.9,NA,NA,"R",17
"164","220120_YST6_R17_A_FLC_48hr","YST6","R17","FLC",1,1,1,NA,NA,NA,0,NA,NA,"R",17
"165","220120_YST6_R17_B_FLC_48hr","YST6","R17","FLC",1,1,1,NA,NA,NA,3.3,NA,NA,"R",17
"166","211216_YST6_R18_A_FLC_48hr","YST6","R18","FLC",1,1,1,NA,NA,NA,1.6,NA,NA,"R",18
"167","211216_YST6_R18_B_FLC_48hr","YST6","R18","FLC",1,1,1,NA,NA,NA,0.1,NA,NA,"R",18
"168","220120_YST6_R18_A_FLC_48hr","YST6","R18","FLC",1,1,1,NA,NA,NA,2.7,NA,NA,"R",18
"169","220120_YST6_R18_B_FLC_48hr","YST6","R18","FLC",1,1,1,NA,NA,NA,2.2,NA,NA,"R",18
"170","220120_YST6_R19_A_FLC_48hr","YST6","R19","FLC",1,1,1,NA,NA,NA,1.8,NA,NA,"R",19
"171","220120_YST6_R19_A1_FLC_48hr.tx","YST6","R19","FLC",1,1,1,NA,NA,NA,1.5,NA,NA,"R",19
"172","220120_YST6_R19_B_FLC_48hr","YST6","R19","FLC",1,1,1,NA,NA,NA,3.1,NA,NA,"R",19
"173","220120_YST6_R19_B1_FLC_48hr.tx","YST6","R19","FLC",1,1,1,NA,NA,NA,1.8,NA,NA,"R",19
"174","220120_YST6_R20_A_FLC_48hr","YST6","R20","FLC",1,1,1,NA,NA,NA,1,NA,NA,"R",20
"175","220120_YST6_R20_A1_FLC_48hr.tx","YST6","R20","FLC",1,1,1,NA,NA,NA,2.6,NA,NA,"R",20
"176","220120_YST6_R20_B_FLC_48hr","YST6","R20","FLC",1,1,1,NA,NA,NA,1.9,NA,NA,"R",20
"177","220120_YST6_R20_B1_FLC_48hr.tx","YST6","R20","FLC",1,1,1,NA,NA,NA,0.9,NA,NA,"R",20
"178","220120_YST6_R21_A_FLC_48hr","YST6","R21","FLC",1,1,1,NA,NA,NA,2,NA,NA,"R",21
"179","220120_YST6_R21_A1_FLC_48hr.tx","YST6","R21","FLC",1,1,1,NA,NA,NA,1.2,NA,NA,"R",21
"180","220120_YST6_R21_B_FLC_48hr","YST6","R21","FLC",1,1,1,NA,NA,NA,2,NA,NA,"R",21
"181","220120_YST6_R21_B1_FLC_48hr.tx","YST6","R21","FLC",1,1,1,NA,NA,NA,2,NA,NA,"R",21
"182","220120_YST6_R22_A_FLC_48hr","YST6","R22","FLC",1,1,1,NA,NA,NA,0.8,NA,NA,"R",22
"183","220120_YST6_R22_A1_FLC_48hr.tx","YST6","R22","FLC",1,1,1,NA,NA,NA,0.9,NA,NA,"R",22
"184","220120_YST6_R22_B_FLC_48hr","YST6","R22","FLC",0,1,1,NA,NA,NA,5.4,NA,NA,"R",22
"185","220120_YST6_R22_B1_FLC_48hr.tx","YST6","R22","FLC",1,1,1,NA,NA,NA,0.3,NA,NA,"R",22
"186","220120_YST6_R23_A_FLC_48hr","YST6","R23","FLC",1,1,1,NA,NA,NA,1.9,NA,NA,"R",23
"187","220120_YST6_R23_A1_FLC_48hr.tx","YST6","R23","FLC",1,1,1,NA,NA,NA,1.9,NA,NA,"R",23
"188","220120_YST6_R23_B_FLC_48hr","YST6","R23","FLC",1,1,1,NA,NA,NA,2.2,NA,NA,"R",23
"189","220120_YST6_R23_B1_FLC_48hr.tx","YST6","R23","FLC",1,1,1,NA,NA,NA,2.4,NA,NA,"R",23
"190","220120_YST6_R24_A_FLC_48hr","YST6","R24","FLC",1,1,1,NA,NA,NA,2.1,NA,NA,"R",24
"191","220120_YST6_R24_A1_FLC_48hr.tx","YST6","R24","FLC",1,1,1,NA,NA,NA,2.4,NA,NA,"R",24
"192","220120_YST6_R24_B_FLC_48hr","YST6","R24","FLC",1,1,1,NA,NA,NA,1.2,NA,NA,"R",24
"193","220120_YST6_R24_B1_FLC_48hr.tx","YST6","R24","FLC",1,1,1,NA,NA,NA,2.5,NA,NA,"R",24
"194","211126_YST6_V1_A_BA_48h","YST6","V1","BA",6,11,12,0.09,0.29,0.27,27.6,NA,NA,"V",1
"195","220113_YST6_V1_A_BA_48hr","YST6","V1","BA",4,7,9,0.21,0.39,0.35,37,NA,NA,"V",1
"196","220113_YST6_V1_B_BA_48hr","YST6","V1","BA",5,8,9,0.16,0.29,0.24,45,NA,NA,"V",1
"197","211126_YST6_V2_A_BA_48h","YST6","V2","BA",6,9,18,0.21,0.3,0.53,22.9,NA,NA,"V",2
"198","211126_YST6_V2_B_BA_48h","YST6","V2","BA",6,9,10,0.23,0.32,0.29,19.8,NA,NA,"V",2
"199","220113_YST6_V2_A_BA_48hr","YST6","V2","BA",4,8,9,0.13,0.34,0.3,44.2,NA,NA,"V",2
"200","220113_YST6_V2_B_BA_48hr","YST6","V2","BA",3,7,8,0.32,0.36,0.34,50.9,NA,NA,"V",2
"201","211126_YST6_V3_A_BA_48h","YST6","V3","BA",7,10,13,0.17,0.25,0.31,32.9,NA,NA,"V",3
"202","220113_YST6_V3_A_BA_48hr","YST6","V3","BA",3,5,6,0.26,0.29,0.29,47.9,NA,NA,"V",3
"203","220113_YST6_V3_B_BA_48hr","YST6","V3","BA",4,8,9,0.17,0.27,0.28,56.9,NA,NA,"V",3
"204","211126_YST6_V4_A_BA_48h","YST6","V4","BA",8,10,15,0.16,0.19,0.33,35.3,NA,NA,"V",4
"205","211126_YST6_V4_B_BA_48h","YST6","V4","BA",7,9,11,0.25,0.25,0.33,18.4,NA,NA,"V",4
"206","220113_YST6_V4_A_BA_48hr","YST6","V4","BA",6,9,11,0.07,0.26,0.26,41.9,NA,NA,"V",4
"207","220113_YST6_V4_B_BA_48hr","YST6","V4","BA",4,7,9,0.38,0.34,0.36,28.9,NA,NA,"V",4
"208","211126_YST6_V5_A_BA_48h","YST6","V5","BA",6,11,14,0.16,0.4,0.37,24.2,NA,NA,"V",5
"209","211126_YST6_V5_B_BA_48h","YST6","V5","BA",7,11,13,0.19,0.34,0.31,35.7,NA,NA,"V",5
"210","220113_YST6_V5_A_BA_48hr","YST6","V5","BA",5,8,10,0.15,0.3,0.31,33.4,NA,NA,"V",5
"211","220113_YST6_V5_B_BA_48hr","YST6","V5","BA",6,8,9,0.19,0.24,0.2,44.5,NA,NA,"V",5
"212","211126_YST6_V6_A_BA_48h","YST6","V6","BA",8,10,13,0.13,0.24,0.3,25.5,NA,NA,"V",6
"213","211126_YST6_V6_B_BA_48h","YST6","V6","BA",8,10,14,0.13,0.19,0.33,27.9,NA,NA,"V",6
"214","220113_YST6_V6_A_BA_48hr","YST6","V6","BA",5,9,10,0.12,0.33,0.28,43.5,NA,NA,"V",6
"215","220113_YST6_V6_B_BA_48hr","YST6","V6","BA",4,7,8,0.31,0.31,0.29,38.6,NA,NA,"V",6
"216","211209_YST6_V7_A_BA_48hr","YST6","V7","BA",3,8,10,0.41,0.44,0.43,25,NA,NA,"V",7
"217","211209_YST6_V7_B_BA_48hr","YST6","V7","BA",4,9,11,0.19,0.39,0.35,26.4,NA,NA,"V",7
"218","220113_YST6_V7_A_BA_48hr","YST6","V7","BA",6,8,12,0.09,0.19,0.32,41.2,NA,NA,"V",7
"219","220113_YST6_V7_B_BA_48hr","YST6","V7","BA",4,8,10,0.27,0.46,0.38,29.1,NA,NA,"V",7
"220","211209_YST6_V8_A_BA_48hr","YST6","V8","BA",5,9,11,0.25,0.38,0.31,26.6,NA,NA,"V",8
"221","211209_YST6_V8_B_BA_48hr","YST6","V8","BA",4,7,11,0.19,0.35,0.41,22.8,NA,NA,"V",8
"222","220113_YST6_V8_A_BA_48hr","YST6","V8","BA",4,7,9,0.15,0.33,0.33,35.8,NA,NA,"V",8
"223","220113_YST6_V8_B_BA_48hr","YST6","V8","BA",5,9,10,0.17,0.34,0.29,39,NA,NA,"V",8
"224","211209_YST6_V9_A_BA_48hr","YST6","V9","BA",5,9,12,0.16,0.34,0.36,26.1,NA,NA,"V",9
"225","211209_YST6_V9_B_BA_48hr","YST6","V9","BA",2,7,9,0.43,0.52,0.47,20.6,NA,NA,"V",9
"226","220113_YST6_V9_A_BA_48hr","YST6","V9","BA",5,9,11,0.19,0.37,0.34,30.8,NA,NA,"V",9
"227","220113_YST6_V9_B_BA_48hr","YST6","V9","BA",6,8,12,0.1,0.19,0.32,42.3,NA,NA,"V",9
"228","211209_YST6_V10_A_BA_48hr","YST6","V10","BA",2,5,6,0.64,0.46,0.4,26.4,NA,NA,"V",10
"229","211209_YST6_V10_B_BA_48hr","YST6","V10","BA",2,6,9,0.6,0.46,0.5,15.5,NA,NA,"V",10
"230","220113_YST6_V10_A_BA_48hr","YST6","V10","BA",2,5,7,0.57,0.52,0.46,24.9,NA,NA,"V",10
"231","220113_YST6_V10_B_BA_48hr","YST6","V10","BA",3,5,9,0.25,0.35,0.45,25.1,NA,NA,"V",10
"232","211209_YST6_V11_A_BA_48hr","YST6","V11","BA",3,7,10,0.52,0.46,0.46,18.9,NA,NA,"V",11
"233","211209_YST6_V11_B_BA_48hr","YST6","V11","BA",2,7,8,0.25,0.48,0.39,20.2,NA,NA,"V",11
"234","220113_YST6_V11_A_BA_48hr","YST6","V11","BA",6,7,12,0.07,0.13,0.36,31.2,NA,NA,"V",11
"235","220113_YST6_V11_B_BA_48hr","YST6","V11","BA",7,9,12,0.11,0.18,0.32,45.6,NA,NA,"V",11
"236","211209_YST6_V12_A_BA_48hr","YST6","V12","BA",6,10,12,0.24,0.36,0.31,26.8,NA,NA,"V",12
"237","211209_YST6_V12_B_BA_48hr","YST6","V12","BA",3,7,13,0.26,0.41,0.53,16.1,NA,NA,"V",12
"238","220113_YST6_V12_A_BA_48hr","YST6","V12","BA",5,7,10,0.17,0.24,0.35,35.9,NA,NA,"V",12
"239","220113_YST6_V12_B_BA_48hr","YST6","V12","BA",2,7,8,0.4,0.47,0.4,22,NA,NA,"V",12
"240","211216_YST6_V13_A_BA_48hr","YST6","V13","BA",5,9,11,0.21,0.32,0.29,41.1,NA,NA,"V",13
"241","211216_YST6_V13_B_BA_48hr","YST6","V13","BA",6,9,10,0.32,0.28,0.26,39.5,NA,NA,"V",13
"242","220120_YST6_V13_A_BA_48hr","YST6","V13","BA",7,10,11,0.11,0.27,0.26,38.6,NA,NA,"V",13
"243","220120_YST6_V13_B_BA_48hr","YST6","V13","BA",4,8,12,0.38,0.41,0.45,14.7,NA,NA,"V",13
"244","211216_YST6_V14_A_BA_48hr","YST6","V14","BA",7,9,11,0.36,0.23,0.29,41.6,NA,NA,"V",14
"245","211216_YST6_V14_B_BA_48hr","YST6","V14","BA",3,6,7,0.52,0.48,0.38,33,NA,NA,"V",14
"246","220120_YST6_V14_A_BA_48hr","YST6","V14","BA",5,9,10,0.1,0.34,0.3,28.1,NA,NA,"V",14
"247","220120_YST6_V14_B_BA_48hr","YST6","V14","BA",6,10,11,0.17,0.26,0.26,25.6,NA,NA,"V",14
"248","211216_YST6_V15_A_BA_48hr","YST6","V15","BA",3,8,9,0.29,0.42,0.38,18.7,NA,NA,"V",15
"249","211216_YST6_V15_B_BA_48hr","YST6","V15","BA",6,9,11,0.24,0.29,0.3,36.2,NA,NA,"V",15
"250","220120_YST6_V15_A_BA_48hr","YST6","V15","BA",6,10,11,0.11,0.27,0.27,39.9,NA,NA,"V",15
"251","220120_YST6_V15_B_BA_48hr","YST6","V15","BA",6,9,11,0.1,0.29,0.29,42.6,NA,NA,"V",15
"252","211216_YST6_V16_A_BA_48hr","YST6","V16","BA",5,9,10,0.36,0.33,0.31,34.8,NA,NA,"V",16
"253","211216_YST6_V16_B_BA_48hr","YST6","V16","BA",4,8,10,0.33,0.42,0.35,29.7,NA,NA,"V",16
"254","220120_YST6_V16_A_BA_48hr","YST6","V16","BA",4,8,9,0.11,0.41,0.33,32,NA,NA,"V",16
"255","220120_YST6_V16_B_BA_48hr","YST6","V16","BA",6,7,10,0.31,0.23,0.4,23.6,NA,NA,"V",16
"256","211216_YST6_V17_A_BA_48hr","YST6","V17","BA",6,10,11,0.16,0.28,0.23,38.9,NA,NA,"V",17
"257","211216_YST6_V17_B_BA_48hr","YST6","V17","BA",5,9,10,0.21,0.3,0.26,36.7,NA,NA,"V",17
"258","220120_YST6_V17_A_BA_48hr","YST6","V17","BA",3,8,9,0.2,0.43,0.33,26.1,NA,NA,"V",17
"259","220120_YST6_V17_B_BA_48hr","YST6","V17","BA",4,7,8,0.48,0.38,0.31,23.3,NA,NA,"V",17
"260","211216_YST6_V18_A_BA_48hr","YST6","V18","BA",5,9,11,0.21,0.3,0.32,30,NA,NA,"V",18
"261","211216_YST6_V18_B_BA_48hr","YST6","V18","BA",5,8,10,0.34,0.33,0.32,30.7,NA,NA,"V",18
"262","220120_YST6_V18_A_BA_48hr","YST6","V18","BA",4,8,10,0.21,0.41,0.36,23.4,NA,NA,"V",18
"263","220120_YST6_V18_B_BA_48hr","YST6","V18","BA",4,8,10,0.17,0.45,0.39,25.8,NA,NA,"V",18
"264","220113_YST6_V19_A_BA_48hr","YST6","V19","BA",4,7,8,0.5,0.38,0.33,32.2,NA,NA,"V",19
"265","220113_YST6_V19_B_BA_48hr","YST6","V19","BA",3,6,8,0.38,0.38,0.39,36,NA,NA,"V",19
"266","220120_YST6_V19_A_BA_48hr","YST6","V19","BA",4,7,9,0.46,0.35,0.37,29.1,NA,NA,"V",19
"267","220120_YST6_V19_B_BA_48hr","YST6","V19","BA",5,9,10,0.16,0.3,0.28,36.4,NA,NA,"V",19
"268","220113_YST6_V20_A_BA_48hr","YST6","V20","BA",3,6,8,0.48,0.4,0.42,18.9,NA,NA,"V",20
"269","220113_YST6_V20_B_BA_48hr","YST6","V20","BA",5,7,10,0.27,0.31,0.36,30.5,NA,NA,"V",20
"270","220120_YST6_V20_A_BA_48hr","YST6","V20","BA",6,9,11,0.12,0.27,0.27,36.6,NA,NA,"V",20
"271","220120_YST6_V20_B_BA_48hr","YST6","V20","BA",5,8,11,0.19,0.32,0.34,39.1,NA,NA,"V",20
"272","220113_YST6_V21_A_BA_48hr","YST6","V21","BA",2,7,8,0.36,0.53,0.35,35.1,NA,NA,"V",21
"273","220113_YST6_V21_B_BA_48hr","YST6","V21","BA",8,11,13,0.15,0.27,0.27,45.3,NA,NA,"V",21
"274","220120_YST6_V21_A_BA_48hr","YST6","V21","BA",3,7,8,0.55,0.44,0.38,30.7,NA,NA,"V",21
"275","220120_YST6_V21_B_BA_48hr","YST6","V21","BA",5,8,11,0.2,0.39,0.38,26.2,NA,NA,"V",21
"276","220113_YST6_V22_A_BA_48hr","YST6","V22","BA",5,9,10,0.17,0.32,0.28,41.5,NA,NA,"V",22
"277","220113_YST6_V22_B_BA_48hr","YST6","V22","BA",3,6,7,0.52,0.49,0.38,19.4,NA,NA,"V",22
"278","220120_YST6_V22_A_BA_48hr","YST6","V22","BA",4,6,10,0.19,0.31,0.48,18.5,NA,NA,"V",22
"279","220120_YST6_V22_B_BA_48hr","YST6","V22","BA",2,6,7,0.45,0.62,0.48,27.3,NA,NA,"V",22
"280","220113_YST6_V23_A_BA_48hr","YST6","V23","BA",2,3,5,0.5,0.44,0.54,16.7,NA,NA,"V",23
"281","220113_YST6_V23_B_BA_48hr","YST6","V23","BA",2,5,6,0.6,0.46,0.42,24.5,NA,NA,"V",23
"282","220120_YST6_V23_A_BA_48hr","YST6","V23","BA",4,7,8,0.28,0.35,0.29,35,NA,NA,"V",23
"283","220120_YST6_V23_B_BA_48hr","YST6","V23","BA",5,8,9,0.34,0.29,0.3,29.6,NA,NA,"V",23
"284","220113_YST6_V24_A_BA_48hr","YST6","V24","BA",4,6,8,0.42,0.33,0.36,18.6,NA,NA,"V",24
"285","220113_YST6_V24_B_BA_48hr","YST6","V24","BA",3,6,7,0.43,0.39,0.39,16.7,NA,NA,"V",24
"286","220120_YST6_V24_A_BA_48hr","YST6","V24","BA",5,8,11,0.15,0.31,0.34,33.7,NA,NA,"V",24
"287","220120_YST6_V24_B_BA_48hr","YST6","V24","BA",3,8,9,0.22,0.44,0.35,28.6,NA,NA,"V",24
"288","211126_YST6_V1_A_FLC_48h","YST6","V1","FLC",1,1,1,NA,NA,NA,4.2,NA,NA,"V",1
"289","211126_YST6_V1_B_FLC_48h","YST6","V1","FLC",1,1,1,NA,NA,NA,4.3,NA,NA,"V",1
"290","220113_YST6_V1_A_FLC_48hr","YST6","V1","FLC",1,1,1,NA,NA,NA,0.5,NA,NA,"V",1
"291","220113_YST6_V1_B_FLC_48hr","YST6","V1","FLC",1,1,1,NA,NA,NA,2.7,NA,NA,"V",1
"292","211126_YST6_V2_A_FLC_48h","YST6","V2","FLC",1,1,1,NA,NA,NA,3.4,NA,NA,"V",2
"293","211126_YST6_V2_B_FLC_48h","YST6","V2","FLC",1,1,1,NA,NA,NA,2.2,NA,NA,"V",2
"294","220113_YST6_V2_A_FLC_48hr","YST6","V2","FLC",1,1,1,NA,NA,NA,2.3,NA,NA,"V",2
"295","220113_YST6_V2_B_FLC_48hr","YST6","V2","FLC",1,1,1,NA,NA,NA,3.1,NA,NA,"V",2
"296","211126_YST6_V3_A_FLC_48h","YST6","V3","FLC",1,1,1,NA,NA,NA,3.9,NA,NA,"V",3
"297","211126_YST6_V3_B_FLC_48h","YST6","V3","FLC",1,1,1,NA,NA,NA,3.8,NA,NA,"V",3
"298","220113_YST6_V3_A_FLC_48hr","YST6","V3","FLC",1,1,1,NA,NA,NA,2.1,NA,NA,"V",3
"299","220113_YST6_V3_B_FLC_48hr","YST6","V3","FLC",1,1,1,NA,NA,NA,0.6,NA,NA,"V",3
"300","211126_YST6_V4_A_FLC_48h","YST6","V4","FLC",0,1,1,NA,NA,NA,5.2,NA,NA,"V",4
"301","211126_YST6_V4_B_FLC_48h","YST6","V4","FLC",1,1,1,NA,NA,NA,4.2,NA,NA,"V",4
"302","220113_YST6_V4_A_FLC_48hr","YST6","V4","FLC",1,1,1,NA,NA,NA,0.4,NA,NA,"V",4
"303","220113_YST6_V4_B_FLC_48hr","YST6","V4","FLC",0,1,1,NA,NA,NA,6.7,NA,NA,"V",4
"304","211126_YST6_V5_A_FLC_48h","YST6","V5","FLC",1,1,1,NA,NA,NA,4.3,NA,NA,"V",5
"305","211126_YST6_V5_B_FLC_48h","YST6","V5","FLC",1,1,1,NA,NA,NA,2.5,NA,NA,"V",5
"306","220113_YST6_V5_A_FLC_48hr","YST6","V5","FLC",1,1,1,NA,NA,NA,2.5,NA,NA,"V",5
"307","220113_YST6_V5_B_FLC_48hr","YST6","V5","FLC",0,1,1,NA,NA,NA,6,NA,NA,"V",5
"308","211126_YST6_V6_A_FLC_48h","YST6","V6","FLC",1,1,1,NA,NA,NA,2.9,NA,NA,"V",6
"309","211126_YST6_V6_B_FLC_48h","YST6","V6","FLC",1,1,1,NA,NA,NA,4.2,NA,NA,"V",6
"310","220113_YST6_V6_A_FLC_48hr","YST6","V6","FLC",1,1,1,NA,NA,NA,1,NA,NA,"V",6
"311","220113_YST6_V6_B_FLC_48hr","YST6","V6","FLC",1,1,1,NA,NA,NA,3.9,NA,NA,"V",6
"312","211209_YST6_V7_A_FLC_48hr","YST6","V7","FLC",1,1,1,NA,NA,NA,3.4,NA,NA,"V",7
"313","211209_YST6_V7_B_FLC_48hr","YST6","V7","FLC",1,1,1,NA,NA,NA,3.3,NA,NA,"V",7
"314","220113_YST6_V7_A_FLC_48hr","YST6","V7","FLC",1,1,1,NA,NA,NA,4.1,NA,NA,"V",7
"315","220113_YST6_V7_B_FLC_48hr","YST6","V7","FLC",1,1,1,NA,NA,NA,1.9,NA,NA,"V",7
"316","211209_YST6_V7._A_FLC_48hr","YST6","V7.","FLC",1,1,1,NA,NA,NA,3.5,NA,NA,"V",7
"317","211209_YST6_V8_A_FLC_48hr","YST6","V8","FLC",1,1,1,NA,NA,NA,4.3,NA,NA,"V",8
"318","211209_YST6_V8_B_FLC_48hr","YST6","V8","FLC",1,1,1,NA,NA,NA,3,NA,NA,"V",8
"319","220113_YST6_V8_A_FLC_48hr","YST6","V8","FLC",1,1,1,NA,NA,NA,0,NA,NA,"V",8
"320","220113_YST6_V8_B_FLC_48hr","YST6","V8","FLC",1,1,1,NA,NA,NA,2,NA,NA,"V",8
"321","211209_YST6_V9_A_FLC_48hr","YST6","V9","FLC",1,1,1,NA,NA,NA,2,NA,NA,"V",9
"322","211209_YST6_V9_B_FLC_48hr","YST6","V9","FLC",1,1,1,NA,NA,NA,2.5,NA,NA,"V",9
"323","220113_YST6_V9_A_FLC_48hr","YST6","V9","FLC",1,1,1,NA,NA,NA,2.5,NA,NA,"V",9
"324","220113_YST6_V9_B_FLC_48hr","YST6","V9","FLC",1,1,1,NA,NA,NA,1.4,NA,NA,"V",9
"325","211209_YST6_V10_A_FLC_48hr","YST6","V10","FLC",1,1,1,NA,NA,NA,0.4,NA,NA,"V",10
"326","211209_YST6_V10_B_FLC_48hr","YST6","V10","FLC",1,1,1,NA,NA,NA,0.7,NA,NA,"V",10
"327","220113_YST6_V10_A_FLC_48hr","YST6","V10","FLC",1,1,1,NA,NA,NA,1.4,NA,NA,"V",10
"328","220113_YST6_V10_B_FLC_48hr","YST6","V10","FLC",1,1,1,NA,NA,NA,1.9,NA,NA,"V",10
"329","211209_YST6_V11_A_FLC_48hr","YST6","V11","FLC",0,1,1,NA,NA,NA,5.4,NA,NA,"V",11
"330","211209_YST6_V11_B_FLC_48hr","YST6","V11","FLC",0,1,1,NA,NA,NA,5.2,NA,NA,"V",11
"331","220113_YST6_V11_A_FLC_48hr","YST6","V11","FLC",1,1,1,NA,NA,NA,0.4,NA,NA,"V",11
"332","220113_YST6_V11_B_FLC_48hr","YST6","V11","FLC",1,1,1,NA,NA,NA,0.6,NA,NA,"V",11
"333","211209_YST6_V12_A_FLC_48hr","YST6","V12","FLC",1,1,1,NA,NA,NA,2.6,NA,NA,"V",12
"334","211209_YST6_V12_B_FLC_48hr","YST6","V12","FLC",1,1,1,NA,NA,NA,2.3,NA,NA,"V",12
"335","220113_YST6_V12_A_FLC_48hr","YST6","V12","FLC",1,1,1,NA,NA,NA,3.5,NA,NA,"V",12
"336","220113_YST6_V12_B_FLC_48hr","YST6","V12","FLC",1,1,1,NA,NA,NA,1.2,NA,NA,"V",12
"337","211216_YST6_V13_A_FLC_48hr","YST6","V13","FLC",1,1,1,NA,NA,NA,0.9,NA,NA,"V",13
"338","211216_YST6_V13_B_FLC_48hr","YST6","V13","FLC",1,1,1,NA,NA,NA,1.4,NA,NA,"V",13
"339","220120_YST6_V13_A_FLC_48hr","YST6","V13","FLC",1,1,1,NA,NA,NA,3.9,NA,NA,"V",13
"340","220120_YST6_V13_B_FLC_48hr","YST6","V13","FLC",1,1,1,NA,NA,NA,0.3,NA,NA,"V",13
"341","211216_YST6_V14_A_FLC_48hr","YST6","V14","FLC",1,1,1,NA,NA,NA,0.5,NA,NA,"V",14
"342","211216_YST6_V14_B_FLC_48hr","YST6","V14","FLC",1,1,1,NA,NA,NA,4.2,NA,NA,"V",14
"343","220120_YST6_V14_A_FLC_48hr","YST6","V14","FLC",1,1,1,NA,NA,NA,3.9,NA,NA,"V",14
"344","220120_YST6_V14_B_FLC_48hr","YST6","V14","FLC",1,1,1,NA,NA,NA,1.5,NA,NA,"V",14
"345","211216_YST6_V15_A_FLC_48hr","YST6","V15","FLC",1,1,1,NA,NA,NA,4.8,NA,NA,"V",15
"346","211216_YST6_V15_B_FLC_48hr","YST6","V15","FLC",0,1,1,NA,NA,NA,12.1,NA,NA,"V",15
"347","220120_YST6_V15_A_FLC_48hr","YST6","V15","FLC",1,1,1,NA,NA,NA,1.1,NA,NA,"V",15
"348","220120_YST6_V15_B_FLC_48hr","YST6","V15","FLC",1,1,1,NA,NA,NA,0.3,NA,NA,"V",15
"349","211216_YST6_V16_A_FLC_48hr","YST6","V16","FLC",0,1,1,NA,NA,NA,6.9,NA,NA,"V",16
"350","211216_YST6_V16_B_FLC_48hr","YST6","V16","FLC",1,1,1,NA,NA,NA,4,NA,NA,"V",16
"351","220120_YST6_V16_A_FLC_48hr","YST6","V16","FLC",1,1,1,NA,NA,NA,4.4,NA,NA,"V",16
"352","220120_YST6_V16_B_FLC_48hr","YST6","V16","FLC",1,1,1,NA,NA,NA,3.3,NA,NA,"V",16
"353","211216_YST6_V17_A_FLC_48hr","YST6","V17","FLC",0,1,1,NA,NA,NA,6.8,NA,NA,"V",17
"354","211216_YST6_V17_B_FLC_48hr","YST6","V17","FLC",2,1,23,0.64,NA,0.52,14.9,NA,NA,"V",17
"355","220120_YST6_V17_A_FLC_48hr","YST6","V17","FLC",1,1,1,NA,NA,NA,0,NA,NA,"V",17
"356","220120_YST6_V17_B_FLC_48hr","YST6","V17","FLC",1,1,1,NA,NA,NA,4.6,NA,NA,"V",17
"357","211216_YST6_V18_A_FLC_48hr","YST6","V18","FLC",1,1,1,NA,NA,NA,4.2,NA,NA,"V",18
"358","211216_YST6_V18_B_FLC_48hr","YST6","V18","FLC",1,1,1,NA,NA,NA,3.4,NA,NA,"V",18
"359","220120_YST6_V18_A_FLC_48hr","YST6","V18","FLC",1,1,1,NA,NA,NA,1.2,NA,NA,"V",18
"360","220120_YST6_V18_B_FLC_48hr","YST6","V18","FLC",1,1,1,NA,NA,NA,4.6,NA,NA,"V",18
"361","220113_YST6_V19_A_FLC_48hr","YST6","V19","FLC",1,1,1,NA,NA,NA,2.3,NA,NA,"V",19
"362","220113_YST6_V19_B_FLC_48hr","YST6","V19","FLC",1,1,1,NA,NA,NA,1.3,NA,NA,"V",19
"363","220120_YST6_V19_A_FLC_48hr","YST6","V19","FLC",1,1,1,NA,NA,NA,2.5,NA,NA,"V",19
"364","220120_YST6_V19_B_FLC_48hr","YST6","V19","FLC",0,1,1,NA,NA,NA,5.1,NA,NA,"V",19
"365","220113_YST6_V20_A_FLC_48hr","YST6","V20","FLC",1,1,1,NA,NA,NA,1.5,NA,NA,"V",20
"366","220113_YST6_V20_B_FLC_48hr","YST6","V20","FLC",0,1,1,NA,NA,NA,5.3,NA,NA,"V",20
"367","220120_YST6_V20_A_FLC_48hr","YST6","V20","FLC",1,1,1,NA,NA,NA,0,NA,NA,"V",20
"368","220120_YST6_V20_B_FLC_48hr","YST6","V20","FLC",1,1,1,NA,NA,NA,0.4,NA,NA,"V",20
"369","220113_YST6_V21_A_FLC_48hr","YST6","V21","FLC",1,1,1,NA,NA,NA,3.2,NA,NA,"V",21
"370","220113_YST6_V21_B_FLC_48hr","YST6","V21","FLC",1,1,1,NA,NA,NA,3.5,NA,NA,"V",21
"371","220120_YST6_V21_A_FLC_48hr","YST6","V21","FLC",1,1,1,NA,NA,NA,0.4,NA,NA,"V",21
"372","220120_YST6_V21_B_FLC_48hr","YST6","V21","FLC",1,1,1,NA,NA,NA,1.2,NA,NA,"V",21
"373","220113_YST6_V22_A_FLC_48hr","YST6","V22","FLC",1,1,1,NA,NA,NA,1.9,NA,NA,"V",22
"374","220113_YST6_V22_B_FLC_48hr","YST6","V22","FLC",1,1,1,NA,NA,NA,1.4,NA,NA,"V",22
"375","220120_YST6_V22_A_FLC_48hr","YST6","V22","FLC",1,1,1,NA,NA,NA,1.5,NA,NA,"V",22
"376","220120_YST6_V22_B_FLC_48hr","YST6","V22","FLC",1,1,1,NA,NA,NA,1.8,NA,NA,"V",22
"377","220113_YST6_V23_A_FLC_48hr","YST6","V23","FLC",1,1,1,NA,NA,NA,3.1,NA,NA,"V",23
"378","220113_YST6_V23_B_FLC_48hr","YST6","V23","FLC",1,1,1,NA,NA,NA,0.7,NA,NA,"V",23
"379","220120_YST6_V23_A_FLC_48hr","YST6","V23","FLC",1,1,1,NA,NA,NA,1,NA,NA,"V",23
"380","220120_YST6_V23_B_FLC_48hr","YST6","V23","FLC",1,1,1,NA,NA,NA,1.9,NA,NA,"V",23
"381","220113_YST6_V24_A_FLC_48hr","YST6","V24","FLC",1,1,1,NA,NA,NA,5,NA,NA,"V",24
"382","220113_YST6_V24_B_FLC_48hr","YST6","V24","FLC",1,1,1,NA,NA,NA,1.5,NA,NA,"V",24
"383","220120_YST6_V24_A_FLC_48hr","YST6","V24","FLC",1,1,1,NA,NA,NA,1.9,NA,NA,"V",24
"384","220120_YST6_V24_B_FLC_48hr","YST6","V24","FLC",1,1,1,NA,NA,NA,3.1,NA,NA,"V",24
"385","211126_YST7_R1_A_BA_48h","YST7","R1","BA",9,10,12,0.08,0.13,0.2,74.4,NA,NA,"R",1
"386","211126_YST7_R1_B_BA_48h","YST7","R1","BA",8,10,11,0.08,0.13,0.17,88,NA,NA,"R",1
"387","220113_YST7_R1_A_BA_48hr","YST7","R1","BA",7,8,11,0.09,0.13,0.3,61.9,NA,NA,"R",1
"388","220113_YST7_R1_B_BA_48hr","YST7","R1","BA",5,6,7,0.09,0.13,0.2,62.6,NA,NA,"R",1
"389","211126_YST7_R2_A_BA_48h","YST7","R2","BA",9,10,14,0.07,0.11,0.31,63.3,NA,NA,"R",2
"390","211126_YST7_R2_B_BA_48h","YST7","R2","BA",10,11,12,0.06,0.07,0.11,76.3,NA,NA,"R",2
"391","220113_YST7_R2_A_BA_48hr","YST7","R2","BA",9,9,11,0.1,0.09,0.19,82.6,NA,NA,"R",2
"392","220113_YST7_R2_B_BA_48hr","YST7","R2","BA",8,9,11,0.08,0.1,0.19,87.2,NA,NA,"R",2
"393","211126_YST7_R3_A_BA_48h","YST7","R3","BA",8,9,11,0.12,0.12,0.2,87,NA,NA,"R",3
"394","211126_YST7_R3_B_BA_48h","YST7","R3","BA",9,10,11,0.11,0.13,0.17,80.1,NA,NA,"R",3
"395","220113_YST7_R3_A_BA_48hr","YST7","R3","BA",7,8,9,0.13,0.17,0.22,73.7,NA,NA,"R",3
"396","220113_YST7_R3_B_BA_48hr","YST7","R3","BA",8,10,12,0.13,0.18,0.26,66.3,NA,NA,"R",3
"397","211126_YST7_R4_A_BA_48h","YST7","R4","BA",0,1,1,NA,NA,NA,11.3,NA,NA,"R",4
"398","211126_YST7_R4_B_BA_48h","YST7","R4","BA",8,10,12,0.05,0.14,0.23,66,NA,NA,"R",4
"399","220113_YST7_R4_A_BA_48hr","YST7","R4","BA",7,8,10,0.12,0.14,0.23,63.8,NA,NA,"R",4
"400","220113_YST7_R4_B_BA_48hr","YST7","R4","BA",6,7,9,0.16,0.18,0.3,60.9,NA,NA,"R",4
"401","211126_YST7_R5_A_BA_48h","YST7","R5","BA",9,10,11,0.09,0.13,0.17,73.4,NA,NA,"R",5
"402","211126_YST7_R5_B_BA_48h","YST7","R5","BA",9,10,21,0.11,0.13,0.48,30.5,NA,NA,"R",5
"403","220113_YST7_R5_A_BA_48hr","YST7","R5","BA",7,8,10,0.1,0.1,0.21,59.4,NA,NA,"R",5
"404","220113_YST7_R5_B_BA_48hr","YST7","R5","BA",7,8,9,0.13,0.16,0.2,66.9,NA,NA,"R",5
"405","211126_YST7_R6_A_BA_48h","YST7","R6","BA",8,8,10,0.11,0.1,0.2,74.5,NA,NA,"R",6
"406","220113_YST7_R6_A_BA_48hr","YST7","R6","BA",6,7,8,0.13,0.17,0.22,54.4,NA,NA,"R",6
"407","220113_YST7_R6_B_BA_48hr","YST7","R6","BA",6,7,8,0.12,0.2,0.22,52.4,NA,NA,"R",6
"408","211209_YST7_R7_A_BA_48hr","YST7","R7","BA",6,6,8,0.09,0.08,0.23,89.8,NA,NA,"R",7
"409","211209_YST7_R7_B_BA_48hr","YST7","R7","BA",8,9,11,0.05,0.08,0.2,96.5,NA,NA,"R",7
"410","220113_YST7_R7_A_BA_48hr","YST7","R7","BA",8,8,10,0.1,0.09,0.2,67.9,NA,NA,"R",7
"411","211209_YST7_R8_A_BA_48hr","YST7","R8","BA",8,9,11,0.08,0.09,0.2,93.6,NA,NA,"R",8
"412","211209_YST7_R8_B_BA_48hr","YST7","R8","BA",7,8,9,0.1,0.12,0.16,78.2,NA,NA,"R",8
"413","220113_YST7_R8_A_BA_48hr","YST7","R8","BA",8,9,10,0.08,0.11,0.16,55.6,NA,NA,"R",8
"414","220113_YST7_R8_B_BA_48hr","YST7","R8","BA",6,7,9,0.12,0.17,0.33,49.5,NA,NA,"R",8
"415","211209_YST7_R9_A_BA_48hr","YST7","R9","BA",7,9,10,0.05,0.16,0.18,80.1,NA,NA,"R",9
"416","211209_YST7_R9_B_BA_48hr","YST7","R9","BA",8,9,10,0.08,0.11,0.14,64.9,NA,NA,"R",9
"417","220113_YST7_R9_A_BA_48hr","YST7","R9","BA",5,6,7,0.14,0.16,0.21,70.1,NA,NA,"R",9
"418","220113_YST7_R9_B_BA_48hr","YST7","R9","BA",9,10,12,0.06,0.06,0.17,78.6,NA,NA,"R",9
"419","211209_YST7_R10_A_BA_48hr","YST7","R10","BA",8,9,10,0.09,0.13,0.18,81.1,NA,NA,"R",10
"420","211209_YST7_R10_B_BA_48hr","YST7","R10","BA",7,8,9,0.13,0.16,0.2,72.9,NA,NA,"R",10
"421","220113_YST7_R10_A_BA_48hr","YST7","R10","BA",8,9,10,0.08,0.09,0.13,91.4,NA,NA,"R",10
"422","220113_YST7_R10_B_BA_48hr","YST7","R10","BA",6,7,8,0.09,0.13,0.18,69.1,NA,NA,"R",10
"423","211209_YST7_R11_A_BA_48hr","YST7","R11","BA",9,10,11,0.08,0.11,0.15,89.6,NA,NA,"R",11
"424","211209_YST7_R11_B_BA_48hr","YST7","R11","BA",7,8,10,0.11,0.12,0.23,70.6,NA,NA,"R",11
"425","220113_YST7_R11_A_BA_48hr","YST7","R11","BA",5,6,9,0.1,0.1,0.33,49.3,NA,NA,"R",11
"426","220113_YST7_R11_B_BA_48hr","YST7","R11","BA",9,10,12,0.09,0.11,0.22,72.1,NA,NA,"R",11
"427","211209_YST7_R12_A_BA_48hr","YST7","R12","BA",8,9,10,0.09,0.12,0.18,80.4,NA,NA,"R",12
"428","211209_YST7_R12_B_BA_48hr","YST7","R12","BA",7,9,11,0.13,0.19,0.25,63.4,NA,NA,"R",12
"429","220113_YST7_R12_A_BA_48hr","YST7","R12","BA",8,9,17,0.12,0.15,0.49,37.9,NA,NA,"R",12
"430","220113_YST7_R12_B_BA_48hr","YST7","R12","BA",8,9,12,0.08,0.11,0.28,53.9,NA,NA,"R",12
"431","211216_YST7_R13_A_BA_48hr","YST7","R13","BA",8,9,14,0.09,0.11,0.37,51.8,NA,NA,"R",13
"432","211216_YST7_R13_B_BA_48hr","YST7","R13","BA",7,8,9,0.11,0.13,0.19,84,NA,NA,"R",13
"433","220120_YST7_R13_A_BA_48hr","YST7","R13","BA",8,10,11,0.08,0.13,0.17,74.4,NA,NA,"R",13
"434","220120_YST7_R13_B_BA_48hr","YST7","R13","BA",7,8,10,0.09,0.1,0.22,75.1,NA,NA,"R",13
"435","211216_YST7_R14_A_BA_48hr","YST7","R14","BA",8,9,13,0.08,0.12,0.34,58.7,NA,NA,"R",14
"436","211216_YST7_R14_B_BA_48hr","YST7","R14","BA",8,9,15,0.1,0.12,0.4,49.1,NA,NA,"R",14
"437","220120_YST7_R14_A_BA_48hr","YST7","R14","BA",8,10,16,0.1,0.13,0.41,51.4,NA,NA,"R",14
"438","220120_YST7_R14_B_BA_48hr","YST7","R14","BA",1,3,6,NA,0.52,0.63,13.3,NA,NA,"R",14
"439","211216_YST7_R15_A_BA_48hr","YST7","R15","BA",9,10,11,0.09,0.12,0.16,74.3,NA,NA,"R",15
"440","211216_YST7_R15_B_BA_48hr","YST7","R15","BA",7,9,13,0.1,0.17,0.38,56.8,NA,NA,"R",15
"441","220120_YST7_R15_A_BA_48hr","YST7","R15","BA",7,8,10,0.1,0.13,0.24,49.7,NA,NA,"R",15
"442","220120_YST7_R15_B_BA_48hr","YST7","R15","BA",0,1,1,NA,NA,NA,14.3,NA,NA,"R",15
"443","211216_YST7_R16_A_BA_48hr","YST7","R16","BA",8,9,12,0.11,0.15,0.3,52.7,NA,NA,"R",16
"444","211216_YST7_R16_B_BA_48hr","YST7","R16","BA",8,9,11,0.09,0.11,0.21,73.8,NA,NA,"R",16
"445","220120_YST7_R16_A_BA_48hr","YST7","R16","BA",6,7,9,0.14,0.19,0.3,37.8,NA,NA,"R",16
"446","220120_YST7_R16_B_BA_48hr","YST7","R16","BA",9,10,13,0.1,0.1,0.25,54.9,NA,NA,"R",16
"447","211216_YST7_R17_A_BA_48hr","YST7","R17","BA",7,8,10,0.09,0.1,0.22,78.8,NA,NA,"R",17
"448","211216_YST7_R17_B_BA_48hr","YST7","R17","BA",6,6,7,0.12,0.1,0.16,85.1,NA,NA,"R",17
"449","220120_YST7_R17_A_BA_48hr","YST7","R17","BA",8,10,13,0.11,0.17,0.3,49.5,NA,NA,"R",17
"450","220120_YST7_R17_B_BA_48hr","YST7","R17","BA",8,9,13,0.1,0.12,0.29,42.6,NA,NA,"R",17
"451","211216_YST7_R18_A_BA_48hr","YST7","R18","BA",6,6,7,0.14,0.12,0.16,84.7,NA,NA,"R",18
"452","211216_YST7_R18_B_BA_48hr","YST7","R18","BA",6,7,8,0.1,0.14,0.21,84.1,NA,NA,"R",18
"453","220120_YST7_R18_A_BA_48hr","YST7","R18","BA",9,10,13,0.09,0.12,0.26,56.2,NA,NA,"R",18
"454","220120_YST7_R18_B_BA_48hr","YST7","R18","BA",7,8,12,0.13,0.16,0.35,41.8,NA,NA,"R",18
"455","220113_YST7_R19_A_BA_48hr","YST7","R19","BA",6,7,9,0.12,0.14,0.26,85.2,NA,NA,"R",19
"456","220113_YST7_R19_B_BA_48hr","YST7","R19","BA",7,8,9,0.11,0.14,0.2,76.6,NA,NA,"R",19
"457","220120_YST7_R19_A_BA_48hr","YST7","R19","BA",8,11,13,0.15,0.19,0.27,40.7,NA,NA,"R",19
"458","220120_YST7_R19_B_BA_48hr","YST7","R19","BA",6,9,11,0.1,0.24,0.25,33,NA,NA,"R",19
"459","220113_YST7_R20_A_BA_48hr","YST7","R20","BA",6,7,8,0.1,0.15,0.18,82.5,NA,NA,"R",20
"460","220113_YST7_R20_B_BA_48hr","YST7","R20","BA",8,9,10,0.09,0.1,0.14,79.1,NA,NA,"R",20
"461","220120_YST7_R20_A_BA_48hr","YST7","R20","BA",7,9,12,0.1,0.2,0.31,42.9,NA,NA,"R",20
"462","220120_YST7_R20_B_BA_48hr","YST7","R20","BA",9,10,12,0.09,0.12,0.22,58.6,NA,NA,"R",20
"463","220113_YST7_R21_A_BA_48hr","YST7","R21","BA",7,7,8,0.11,0.1,0.14,75.3,NA,NA,"R",21
"464","220113_YST7_R21_B_BA_48hr","YST7","R21","BA",6,7,8,0.11,0.1,0.15,84.2,NA,NA,"R",21
"465","220120_YST7_R21_A_BA_48hr","YST7","R21","BA",8,9,23,0.1,0.13,0.57,32.5,NA,NA,"R",21
"466","220120_YST7_R21_B_BA_48hr","YST7","R21","BA",9,10,12,0.07,0.12,0.2,66.6,NA,NA,"R",21
"467","220113_YST7_R22_A_BA_48hr","YST7","R22","BA",7,8,9,0.11,0.16,0.19,88.7,NA,NA,"R",22
"468","220113_YST7_R22_B_BA_48hr","YST7","R22","BA",8,9,12,0.08,0.09,0.25,75,NA,NA,"R",22
"469","220120_YST7_R22_B_BA_48hr","YST7","R22","BA",4,5,6,0.34,0.23,0.28,18.7,NA,NA,"R",22
"470","220113_YST7_R23_A_BA_48hr","YST7","R23","BA",7,8,10,0.08,0.1,0.24,63.3,NA,NA,"R",23
"471","220113_YST7_R23_B_BA_48hr","YST7","R23","BA",6,7,8,0.12,0.16,0.21,63,NA,NA,"R",23
"472","220120_YST7_R23_A_BA_48hr","YST7","R23","BA",7,9,10,0.51,0.24,0.26,60.3,NA,NA,"R",23
"473","220120_YST7_R23_B_BA_48hr","YST7","R23","BA",4,5,6,0.19,0.2,0.22,27.1,NA,NA,"R",23
"474","220113_YST7_R24_A_BA_48hr","YST7","R24","BA",9,11,13,0.12,0.14,0.23,73.1,NA,NA,"R",24
"475","220113_YST7_R24_B_BA_48hr","YST7","R24","BA",6,7,9,0.09,0.12,0.24,65,NA,NA,"R",24
"476","220120_YST7_R24_A_BA_48hr","YST7","R24","BA",10,11,12,0.07,0.11,0.13,82.6,NA,NA,"R",24
"477","220120_YST7_R24_B_BA_48hr","YST7","R24","BA",8,9,11,0.07,0.09,0.18,77.7,NA,NA,"R",24
"478","211126_YST7_R1_A_FLC_48h","YST7","R1","FLC",7,9,12,0.14,0.23,0.3,50.9,NA,NA,"R",1
"479","211126_YST7_R1_B_FLC_48h","YST7","R1","FLC",6,9,14,0.17,0.37,0.4,32.4,NA,NA,"R",1
"480","220113_YST7_R1_A_FLC_48hr","YST7","R1","FLC",7,9,12,0.12,0.19,0.32,66.4,NA,NA,"R",1
"481","220113_YST7_R1_B_FLC_48hr","YST7","R1","FLC",7,8,12,0.14,0.15,0.31,63.2,NA,NA,"R",1
"482","211126_YST7_R2_A_FLC_48h","YST7","R2","FLC",6,11,17,0.29,0.4,0.44,42,NA,NA,"R",2
"483","211126_YST7_R2_B_FLC_48h","YST7","R2","FLC",6,10,15,0.47,0.41,0.43,38.2,NA,NA,"R",2
"484","220113_YST7_R2_A_FLC_48hr","YST7","R2","FLC",7,9,12,0.15,0.18,0.27,72.4,NA,NA,"R",2
"485","220113_YST7_R2_B_FLC_48hr","YST7","R2","FLC",8,9,13,0.13,0.17,0.32,62.9,NA,NA,"R",2
"486","211126_YST7_R3_A_FLC_48h","YST7","R3","FLC",6,12,16,0.3,0.43,0.4,38.2,NA,NA,"R",3
"487","211126_YST7_R3_B_FLC_48h","YST7","R3","FLC",5,9,11,0.27,0.4,0.36,45.3,NA,NA,"R",3
"488","211126_YST7_R3_B'_FLC_48h","YST7","R3","FLC",5,9,11,0.28,0.41,0.34,49.4,NA,NA,"R",3
"489","220113_YST7_R3_A_FLC_48hr","YST7","R3","FLC",8,9,12,0.17,0.18,0.3,65.1,NA,NA,"R",3
"490","220113_YST7_R3_B_FLC_48hr","YST7","R3","FLC",9,11,14,0.18,0.23,0.28,77.7,NA,NA,"R",3
"491","211126_YST7_R4_A_FLC_48h","YST7","R4","FLC",5,8,13,0.32,0.38,0.43,37.6,NA,NA,"R",4
"492","211126_YST7_R4_B_FLC_48h","YST7","R4","FLC",4,9,11,0.2,0.46,0.38,43.4,NA,NA,"R",4
"493","220113_YST7_R4_A_FLC_48hr","YST7","R4","FLC",8,10,12,0.15,0.17,0.23,68.3,NA,NA,"R",4
"494","220113_YST7_R4_B_FLC_48hr","YST7","R4","FLC",8,10,14,0.15,0.18,0.32,48.4,NA,NA,"R",4
"495","211126_YST7_R5_A_FLC_48h","YST7","R5","FLC",6,9,14,0.09,0.27,0.38,45.1,NA,NA,"R",5
"496","211126_YST7_R5_B_FLC_48h","YST7","R5","FLC",5,11,13,0.28,0.48,0.38,38.6,NA,NA,"R",5
"497","220113_YST7_R5_A_FLC_48hr","YST7","R5","FLC",8,10,13,0.15,0.21,0.28,70.5,NA,NA,"R",5
"498","220113_YST7_R5_B_FLC_48hr","YST7","R5","FLC",7,8,12,0.08,0.12,0.29,61,NA,NA,"R",5
"499","220113_YST7_R6_A_FLC_48hr","YST7","R6","FLC",7,8,11,0.15,0.19,0.32,54.3,NA,NA,"R",6
"500","220113_YST7_R6_B_FLC_48hr","YST7","R6","FLC",8,10,12,0.11,0.22,0.23,57.5,NA,NA,"R",6
"501","211209_YST7_R7_A_FLC_48hr","YST7","R7","FLC",5,6,10,0.18,0.23,0.44,43.2,NA,NA,"R",7
"502","211209_YST7_R7_B_FLC_48hr","YST7","R7","FLC",5,9,11,0.22,0.41,0.37,41.5,NA,NA,"R",7
"503","220113_YST7_R7_A_FLC_48hr","YST7","R7","FLC",8,10,13,0.17,0.25,0.31,59.6,NA,NA,"R",7
"504","220113_YST7_R7_B_FLC_48hr","YST7","R7","FLC",8,11,14,0.14,0.23,0.27,74.2,NA,NA,"R",7
"505","211209_YST7_R8_A_FLC_48hr","YST7","R8","FLC",6,9,13,0.17,0.29,0.36,44.6,NA,NA,"R",8
"506","211209_YST7_R8_B_FLC_48hr","YST7","R8","FLC",6,10,14,0.12,0.34,0.36,48.5,NA,NA,"R",8
"507","220113_YST7_R8_A_FLC_48hr","YST7","R8","FLC",8,11,15,0.14,0.25,0.32,55.4,NA,NA,"R",8
"508","220113_YST7_R8_B_FLC_48hr","YST7","R8","FLC",8,9,14,0.08,0.14,0.32,47,NA,NA,"R",8
"509","211209_YST7_R9_A_FLC_48hr","YST7","R9","FLC",6,9,12,0.21,0.31,0.35,46.9,NA,NA,"R",9
"510","211209_YST7_R9_B_FLC_48hr","YST7","R9","FLC",6,9,12,0.18,0.32,0.33,41.4,NA,NA,"R",9
"511","220113_YST7_R9_A_FLC_48hr","YST7","R9","FLC",8,10,13,0.16,0.26,0.3,48.6,NA,NA,"R",9
"512","220113_YST7_R9_B_FLC_48hr","YST7","R9","FLC",8,9,14,0.15,0.14,0.33,51.8,NA,NA,"R",9
"513","211209_YST7_R10_A_FLC_48hr","YST7","R10","FLC",6,9,14,0.12,0.27,0.37,41,NA,NA,"R",10
"514","211209_YST7_R10_B_FLC_48hr","YST7","R10","FLC",6,8,13,0.22,0.26,0.4,45.5,NA,NA,"R",10
"515","220113_YST7_R10_A_FLC_48hr","YST7","R10","FLC",6,8,10,0.17,0.24,0.28,66.1,NA,NA,"R",10
"516","220113_YST7_R10_B_FLC_48hr","YST7","R10","FLC",7,9,12,0.17,0.23,0.3,63.5,NA,NA,"R",10
"517","211209_YST7_R11_A_FLC_48hr","YST7","R11","FLC",7,12,14,0.16,0.39,0.34,45.9,NA,NA,"R",11
"518","211209_YST7_R11_B_FLC_48hr","YST7","R11","FLC",6,9,14,0.16,0.29,0.38,37.8,NA,NA,"R",11
"519","220113_YST7_R11_A_FLC_48hr","YST7","R11","FLC",8,10,13,0.15,0.2,0.29,70.3,NA,NA,"R",11
"520","220113_YST7_R11_B_FLC_48hr","YST7","R11","FLC",7,8,11,0.13,0.16,0.28,60.7,NA,NA,"R",11
"521","211209_YST7_R12_A_FLC_48hr","YST7","R12","FLC",6,12,14,0.15,0.38,0.33,37.1,NA,NA,"R",12
"522","211209_YST7_R12_B_FLC_48hr","YST7","R12","FLC",6,8,15,0.12,0.26,0.42,21.9,NA,NA,"R",12
"523","220113_YST7_R12_A_FLC_48hr","YST7","R12","FLC",8,10,14,0.11,0.2,0.31,56,NA,NA,"R",12
"524","220113_YST7_R12_B_FLC_48hr","YST7","R12","FLC",8,11,13,0.14,0.24,0.26,64.1,NA,NA,"R",12
"525","211216_YST7_R13_A_FLC_48hr","YST7","R13","FLC",7,9,13,0.14,0.25,0.33,53.6,NA,NA,"R",13
"526","211216_YST7_R13_B_FLC_48hr","YST7","R13","FLC",6,10,12,0.09,0.32,0.32,48.9,NA,NA,"R",13
"527","220120_YST7_R13_A_FLC_48hr","YST7","R13","FLC",8,10,14,0.21,0.17,0.29,45.3,NA,NA,"R",13
"528","220120_YST7_R13_B_FLC_48hr","YST7","R13","FLC",8,13,16,0.2,0.29,0.34,36,NA,NA,"R",13
"529","211216_YST7_R14_A_FLC_48hr","YST7","R14","FLC",7,9,13,0.17,0.24,0.35,50.6,NA,NA,"R",14
"530","211216_YST7_R14_B_FLC_48hr","YST7","R14","FLC",7,9,13,0.17,0.23,0.36,57.3,NA,NA,"R",14
"531","220120_YST7_R14_A_FLC_48hr","YST7","R14","FLC",8,11,15,0.21,0.24,0.33,42.5,NA,NA,"R",14
"532","220120_YST7_R14_B_FLC_48hr","YST7","R14","FLC",8,11,18,0.12,0.23,0.39,44.7,NA,NA,"R",14
"533","211216_YST7_R15_A_FLC_48hr","YST7","R15","FLC",6,8,11,0.12,0.2,0.31,57.4,NA,NA,"R",15
"534","211216_YST7_R15_B_FLC_48hr","YST7","R15","FLC",7,11,13,0.15,0.32,0.3,64.6,NA,NA,"R",15
"535","220120_YST7_R15_A_FLC_48hr","YST7","R15","FLC",8,11,13,0.11,0.25,0.25,67.5,NA,NA,"R",15
"536","220120_YST7_R15_B_FLC_48hr","YST7","R15","FLC",8,11,13,0.21,0.25,0.28,59.4,NA,NA,"R",15
"537","211216_YST7_R16_A_FLC_48hr","YST7","R16","FLC",7,9,13,0.12,0.17,0.31,59.4,NA,NA,"R",16
"538","211216_YST7_R16_B_FLC_48hr","YST7","R16","FLC",7,9,14,0.1,0.21,0.35,51.1,NA,NA,"R",16
"539","220120_YST7_R16_A_FLC_48hr","YST7","R16","FLC",7,10,14,0.21,0.27,0.35,35.8,NA,NA,"R",16
"540","220120_YST7_R16_B_FLC_48hr","YST7","R16","FLC",8,11,16,0.29,0.3,0.41,39.1,NA,NA,"R",16
"541","211216_YST7_R17_A_FLC_48hr","YST7","R17","FLC",6,7,11,0.12,0.15,0.35,70.5,NA,NA,"R",17
"542","211216_YST7_R17_B_FLC_48hr","YST7","R17","FLC",6,7,11,0.16,0.19,0.35,59,NA,NA,"R",17
"543","220120_YST7_R17_A_FLC_48hr","YST7","R17","FLC",7,9,13,0.2,0.2,0.32,53.3,NA,NA,"R",17
"544","220120_YST7_R17_B_FLC_48hr","YST7","R17","FLC",7,10,14,0.19,0.26,0.33,45.3,NA,NA,"R",17
"545","211216_YST7_R18_A_FLC_48hr","YST7","R18","FLC",6,7,11,0.15,0.19,0.39,62.1,NA,NA,"R",18
"546","211216_YST7_R18_B_FLC_48hr","YST7","R18","FLC",6,7,11,0.15,0.17,0.38,66.5,NA,NA,"R",18
"547","220120_YST7_R18_A_FLC_48hr","YST7","R18","FLC",7,9,13,0.22,0.21,0.32,59.8,NA,NA,"R",18
"548","220120_YST7_R18_B_FLC_48hr","YST7","R18","FLC",7,9,13,0.19,0.22,0.33,57,NA,NA,"R",18
"549","220113_YST7_R19_A_FLC_48hr","YST7","R19","FLC",7,8,12,0.16,0.13,0.31,60,NA,NA,"R",19
"550","220113_YST7_R19_B_FLC_48hr","YST7","R19","FLC",7,9,12,0.09,0.18,0.29,74.6,NA,NA,"R",19
"551","220120_YST7_R19_A_FLC_48hr","YST7","R19","FLC",8,9,13,0.15,0.17,0.32,59.8,NA,NA,"R",19
"552","220120_YST7_R19_B_FLC_48hr","YST7","R19","FLC",6,8,11,0.6,0.36,0.38,62,NA,NA,"R",19
"553","220113_YST7_R20_A_FLC_48hr","YST7","R20","FLC",7,8,11,0.21,0.2,0.32,67.6,NA,NA,"R",20
"554","220113_YST7_R20_B_FLC_48hr","YST7","R20","FLC",8,9,13,0.13,0.15,0.3,71.1,NA,NA,"R",20
"555","220120_YST7_R20_A_FLC_48hr","YST7","R20","FLC",7,9,14,0.12,0.18,0.35,54.6,NA,NA,"R",20
"556","220120_YST7_R20_B_FLC_48hr","YST7","R20","FLC",8,11,14,0.09,0.25,0.29,54.6,NA,NA,"R",20
"557","220113_YST7_R21_A_FLC_48hr","YST7","R21","FLC",7,9,12,0.2,0.2,0.3,61,NA,NA,"R",21
"558","220113_YST7_R21_B_FLC_48hr","YST7","R21","FLC",7,9,12,0.17,0.21,0.29,55.9,NA,NA,"R",21
"559","220120_YST7_R21_A_FLC_48hr","YST7","R21","FLC",8,10,14,0.12,0.21,0.31,54,NA,NA,"R",21
"560","220120_YST7_R21_B_FLC_48hr","YST7","R21","FLC",8,10,15,0.21,0.23,0.34,54.3,NA,NA,"R",21
"561","220113_YST7_R22_A_FLC_48hr","YST7","R22","FLC",8,9,13,0.12,0.18,0.3,61.7,NA,NA,"R",22
"562","220113_YST7_R22_B_FLC_48hr","YST7","R22","FLC",7,10,13,0.2,0.25,0.34,58,NA,NA,"R",22
"563","220120_YST7_R22_A_FLC_48hr","YST7","R22","FLC",7,9,13,0.29,0.3,0.35,44.7,NA,NA,"R",22
"564","220120_YST7_R22_B_FLC_48hr","YST7","R22","FLC",8,10,13,0.13,0.2,0.28,60.1,NA,NA,"R",22
"565","220113_YST7_R23_A_FLC_48hr","YST7","R23","FLC",8,9,13,0.17,0.16,0.31,56,NA,NA,"R",23
"566","220113_YST7_R23_B_FLC_48hr","YST7","R23","FLC",7,9,12,0.18,0.2,0.31,58.9,NA,NA,"R",23
"567","220120_YST7_R23_A_FLC_48hr","YST7","R23","FLC",8,10,13,0.19,0.24,0.28,55.7,NA,NA,"R",23
"568","220120_YST7_R23_B_FLC_48hr","YST7","R23","FLC",9,11,14,0.35,0.27,0.35,45.7,NA,NA,"R",23
"569","220113_YST7_R24_A_FLC_48hr","YST7","R24","FLC",8,11,13,0.13,0.29,0.28,57.4,NA,NA,"R",24
"570","220113_YST7_R24_B_FLC_48hr","YST7","R24","FLC",8,11,13,0.07,0.24,0.23,67.4,NA,NA,"R",24
"571","220120_YST7_R24_A_FLC_48hr","YST7","R24","FLC",7,9,15,0.5,0.34,0.47,33.5,NA,NA,"R",24
"572","220120_YST7_R24_B_FLC_48hr","YST7","R24","FLC",9,10,14,0.15,0.17,0.29,50.6,NA,NA,"R",24
"573","211126_YST7_V1_A_BA_48h","YST7","V1","BA",8,8,9,0.1,0.09,0.14,84.2,NA,NA,"V",1
"574","211126_YST7_V1_B_BA_48h","YST7","V1","BA",8,10,10,0.08,0.13,0.12,88,NA,NA,"V",1
"575","220113_YST7_V1_A_BA_48hr","YST7","V1","BA",7,8,10,0.11,0.13,0.23,55.7,NA,NA,"V",1
"576","220113_YST7_V1_B_BA_48hr","YST7","V1","BA",9,10,11,0.09,0.12,0.16,59.3,NA,NA,"V",1
"577","211126_YST7_V2_A_BA_48h","YST7","V2","BA",9,10,11,0.09,0.11,0.16,82.4,NA,NA,"V",2
"578","211126_YST7_V2_B_BA_48h","YST7","V2","BA",8,9,10,0.07,0.08,0.13,93.2,NA,NA,"V",2
"579","220113_YST7_V2_A_BA_48hr","YST7","V2","BA",8,9,19,0.11,0.14,0.45,21.7,NA,NA,"V",2
"580","220113_YST7_V2_B_BA_48hr","YST7","V2","BA",7,9,12,0.13,0.19,0.28,35.8,NA,NA,"V",2
"581","211126_YST7_V3_A_BA_48h","YST7","V3","BA",8,9,11,0.06,0.09,0.19,93.5,NA,NA,"V",3
"582","211126_YST7_V3_B_BA_48h","YST7","V3","BA",8,9,10,0.07,0.11,0.16,88.9,NA,NA,"V",3
"583","220113_YST7_V3_A_BA_48hr","YST7","V3","BA",9,10,11,0.1,0.1,0.14,98.4,NA,NA,"V",3
"584","220113_YST7_V3_B_BA_48hr","YST7","V3","BA",7,8,9,0.15,0.17,0.22,93.9,NA,NA,"V",3
"585","211126_YST7_V4_A_BA_48h","YST7","V4","BA",9,9,10,0.07,0.07,0.11,99,NA,NA,"V",4
"586","211126_YST7_V4_B_BA_48h","YST7","V4","BA",9,10,11,0.08,0.12,0.17,73.2,NA,NA,"V",4
"587","220113_YST7_V4_A_BA_48hr","YST7","V4","BA",9,10,15,0.11,0.12,0.34,55.2,NA,NA,"V",4
"588","220113_YST7_V4_B_BA_48hr","YST7","V4","BA",9,11,18,0.15,0.16,0.43,50.7,NA,NA,"V",4
"589","211126_YST7_V5_A_BA_48h","YST7","V5","BA",9,10,11,0.08,0.12,0.17,96.9,NA,NA,"V",5
"590","211126_YST7_V5_B_BA_48h","YST7","V5","BA",9,10,11,0.06,0.08,0.12,102.8,NA,NA,"V",5
"591","220113_YST7_V5_A_BA_48hr","YST7","V5","BA",8,9,11,0.1,0.12,0.22,69.1,NA,NA,"V",5
"592","220113_YST7_V5_B_BA_48hr","YST7","V5","BA",8,9,11,0.08,0.08,0.18,73.5,NA,NA,"V",5
"593","211126_YST7_V6_A_BA_48h","YST7","V6","BA",8,9,10,0.06,0.08,0.12,93.4,NA,NA,"V",6
"594","211126_YST7_V6_B_BA_48h","YST7","V6","BA",8,9,13,0.06,0.09,0.33,66.8,NA,NA,"V",6
"595","220113_YST7_V6_A_BA_48hr","YST7","V6","BA",9,10,14,0.11,0.15,0.32,68,NA,NA,"V",6
"596","220113_YST7_V6_B_BA_48hr","YST7","V6","BA",9,10,11,0.09,0.12,0.16,74.2,NA,NA,"V",6
"597","211209_YST7_V7_A_BA_48hr","YST7","V7","BA",5,7,8,0.13,0.18,0.24,79.5,NA,NA,"V",7
"598","211209_YST7_V7_B_BA_48hr","YST7","V7","BA",8,9,11,0.09,0.13,0.19,100.5,NA,NA,"V",7
"599","220120_YST7_V7_A_BA_48hr","YST7","V7","BA",9,10,11,0.08,0.11,0.16,63.8,NA,NA,"V",7
"600","220120_YST7_V7_B_BA_48hr","YST7","V7","BA",9,10,12,0.1,0.11,0.2,57.7,NA,NA,"V",7
"601","211209_YST7_V8_A_BA_48hr","YST7","V8","BA",7,8,10,0.11,0.14,0.24,74.1,NA,NA,"V",8
"602","211209_YST7_V8_B_BA_48hr","YST7","V8","BA",7,8,10,0.1,0.12,0.2,82,NA,NA,"V",8
"603","220120_YST7_V8_A_BA_48hr","YST7","V8","BA",8,9,11,0.06,0.08,0.2,73.4,NA,NA,"V",8
"604","220120_YST7_V8_B_BA_48hr","YST7","V8","BA",10,10,11,0.08,0.07,0.11,85.1,NA,NA,"V",8
"605","211209_YST7_V9_A_BA_48hr","YST7","V9","BA",7,9,10,0.07,0.15,0.2,80.2,NA,NA,"V",9
"606","211209_YST7_V9_B_BA_48hr","YST7","V9","BA",7,8,10,0.08,0.11,0.21,66.5,NA,NA,"V",9
"607","220120_YST7_V9_A_BA_48hr","YST7","V9","BA",8,9,11,0.08,0.1,0.19,72.5,NA,NA,"V",9
"608","220120_YST7_V9_B_BA_48hr","YST7","V9","BA",8,9,11,0.13,0.16,0.25,57.2,NA,NA,"V",9
"609","211209_YST7_V10_A_BA_48hr","YST7","V10","BA",7,9,10,0.05,0.16,0.19,74.7,NA,NA,"V",10
"610","211209_YST7_V10_B_BA_48hr","YST7","V10","BA",7,8,10,0.11,0.15,0.26,68.3,NA,NA,"V",10
"611","220120_YST7_V10_A_BA_48hr","YST7","V10","BA",9,9,12,0.08,0.07,0.26,60.1,NA,NA,"V",10
"612","220120_YST7_V10_B_BA_48hr","YST7","V10","BA",7,8,11,0.09,0.1,0.27,42.4,NA,NA,"V",10
"613","211209_YST7_V11_A_BA_48hr","YST7","V11","BA",9,10,12,0.07,0.11,0.19,84.6,NA,NA,"V",11
"614","211209_YST7_V11_B_BA_48hr","YST7","V11","BA",7,8,12,0.11,0.12,0.34,36.4,NA,NA,"V",11
"615","220120_YST7_V11_A_BA_48hr","YST7","V11","BA",6,7,9,0.08,0.14,0.25,62.1,NA,NA,"V",11
"616","220120_YST7_V11_B_BA_48hr","YST7","V11","BA",8,9,11,0.08,0.1,0.2,70,NA,NA,"V",11
"617","211209_YST7_V12_A_BA_48hr","YST7","V12","BA",9,10,11,0.06,0.09,0.15,99.5,NA,NA,"V",12
"618","211209_YST7_V12_B_BA_48hr","YST7","V12","BA",7,8,10,0.09,0.12,0.23,74.9,NA,NA,"V",12
"619","220120_YST7_V12_A_BA_48hr","YST7","V12","BA",8,9,13,0.1,0.14,0.35,52.3,NA,NA,"V",12
"620","220120_YST7_V12_B_BA_48hr","YST7","V12","BA",8,9,11,0.09,0.1,0.2,54,NA,NA,"V",12
"621","211216_YST7_V13_A_BA_48hr","YST7","V13","BA",7,8,10,0.09,0.11,0.22,56.8,NA,NA,"V",13
"622","211216_YST7_V13_B_BA_48hr","YST7","V13","BA",7,8,12,0.11,0.13,0.35,50.6,NA,NA,"V",13
"623","220120_YST7_V13_A_BA_48hr","YST7","V13","BA",8,9,9,0.11,0.12,0.11,95.4,NA,NA,"V",13
"624","220120_YST7_V13_B_BA_48hr","YST7","V13","BA",5,6,8,0.08,0.12,0.26,84,NA,NA,"V",13
"625","211216_YST7_V14_A_BA_48hr","YST7","V14","BA",8,9,16,0.1,0.15,0.44,47.4,NA,NA,"V",14
"626","211216_YST7_V14_B_BA_48hr","YST7","V14","BA",8,9,10,0.08,0.11,0.16,74.2,NA,NA,"V",14
"627","220120_YST7_V14_A_BA_48hr","YST7","V14","BA",9,10,11,0.07,0.09,0.13,81,NA,NA,"V",14
"628","220120_YST7_V14_B_BA_48hr","YST7","V14","BA",7,8,10,0.09,0.1,0.2,79.4,NA,NA,"V",14
"629","211216_YST7_V15_A_BA_48hr","YST7","V15","BA",8,9,11,0.1,0.12,0.23,78,NA,NA,"V",15
"630","211216_YST7_V15_B_BA_48hr","YST7","V15","BA",8,9,14,0.07,0.08,0.37,61.8,NA,NA,"V",15
"631","220120_YST7_V15_A_BA_48hr","YST7","V15","BA",5,6,7,0.06,0.11,0.21,96.9,NA,NA,"V",15
"632","220120_YST7_V15_B_BA_48hr","YST7","V15","BA",9,10,11,0.07,0.11,0.17,90.6,NA,NA,"V",15
"633","211216_YST7_V16_A_BA_48hr","YST7","V16","BA",7,8,9,0.08,0.11,0.15,73.7,NA,NA,"V",16
"634","211216_YST7_V16_B_BA_48hr","YST7","V16","BA",7,8,9,0.09,0.12,0.18,69.6,NA,NA,"V",16
"635","220120_YST7_V16_A_BA_48hr","YST7","V16","BA",7,7,9,0.1,0.09,0.22,93.9,NA,NA,"V",16
"636","220120_YST7_V16_B_BA_48hr","YST7","V16","BA",8,8,9,0.1,0.09,0.12,101.2,NA,NA,"V",16
"637","211216_YST7_V17_A_BA_48hr","YST7","V17","BA",7,8,13,0.09,0.11,0.42,51.1,NA,NA,"V",17
"638","211216_YST7_V17_B_BA_48hr","YST7","V17","BA",9,10,11,0.05,0.08,0.12,80.9,NA,NA,"V",17
"639","220120_YST7_V17_A_BA_48hr","YST7","V17","BA",4,5,6,0.12,0.15,0.2,90.1,NA,NA,"V",17
"640","220120_YST7_V17_B_BA_48hr","YST7","V17","BA",7,7,8,0.1,0.09,0.13,87.1,NA,NA,"V",17
"641","211216_YST7_V18_A_BA_48hr","YST7","V18","BA",8,9,17,0.12,0.16,0.53,46.1,NA,NA,"V",18
"642","211216_YST7_V18_B_BA_48hr","YST7","V18","BA",6,7,10,0.09,0.12,0.3,51.8,NA,NA,"V",18
"643","220120_YST7_V18_A_BA_48hr","YST7","V18","BA",5,6,7,0.15,0.12,0.26,83.7,NA,NA,"V",18
"644","220120_YST7_V18_B_BA_48hr","YST7","V18","BA",8,9,10,0.1,0.13,0.18,86.1,NA,NA,"V",18
"645","220113_YST7_V19_A_BA_48hr","YST7","V19","BA",6,7,9,0.11,0.12,0.24,47.7,NA,NA,"V",19
"646","220113_YST7_V19_B_BA_48hr","YST7","V19","BA",6,7,9,0.09,0.13,0.26,63.9,NA,NA,"V",19
"647","220120_YST7_V19_A_BA_48hr","YST7","V19","BA",8,9,10,0.08,0.1,0.15,91.9,NA,NA,"V",19
"648","220120_YST7_V19_B_BA_48hr","YST7","V19","BA",7,8,9,0.11,0.11,0.16,103.3,NA,NA,"V",19
"649","220113_YST7_V20_A_BA_48hr","YST7","V20","BA",6,7,8,0.08,0.11,0.17,92.6,NA,NA,"V",20
"650","220113_YST7_V20_B_BA_48hr","YST7","V20","BA",6,7,8,0.1,0.12,0.17,75.3,NA,NA,"V",20
"651","220120_YST7_V20_A_BA_48hr","YST7","V20","BA",6,7,8,0.07,0.11,0.15,88,NA,NA,"V",20
"652","220120_YST7_V20_B_BA_48hr","YST7","V20","BA",8,9,11,0.08,0.1,0.19,81.5,NA,NA,"V",20
"653","220113_YST7_V21_A_BA_48hr","YST7","V21","BA",7,8,10,0.09,0.1,0.22,71.8,NA,NA,"V",21
"654","220113_YST7_V21_B_BA_48hr","YST7","V21","BA",8,9,10,0.08,0.12,0.16,97.7,NA,NA,"V",21
"655","220120_YST7_V21_A_BA_48hr","YST7","V21","BA",6,7,9,0.14,0.16,0.27,43.5,NA,NA,"V",21
"656","220120_YST7_V21_B_BA_48hr","YST7","V21","BA",8,9,11,0.09,0.11,0.21,65.9,NA,NA,"V",21
"657","220113_YST7_V22_A_BA_48hr","YST7","V22","BA",9,10,11,0.06,0.09,0.15,103.4,NA,NA,"V",22
"658","220113_YST7_V22_B_BA_48hr","YST7","V22","BA",6,7,9,0.15,0.12,0.23,85,NA,NA,"V",22
"659","220120_YST7_V22_A_BA_48hr","YST7","V22","BA",7,8,10,0.08,0.1,0.19,60.8,NA,NA,"V",22
"660","220120_YST7_V22_B_BA_48hr","YST7","V22","BA",7,9,11,0.06,0.18,0.26,57.9,NA,NA,"V",22
"661","220113_YST7_V23_A_BA_48hr","YST7","V23","BA",6,6,8,0.12,0.11,0.26,95.4,NA,NA,"V",23
"662","220113_YST7_V23_B_BA_48hr","YST7","V23","BA",9,10,14,0.08,0.09,0.28,72,NA,NA,"V",23
"663","220120_YST7_V23_A_BA_48hr","YST7","V23","BA",10,11,16,0.09,0.11,0.34,54.5,NA,NA,"V",23
"664","220120_YST7_V23_B_BA_48hr","YST7","V23","BA",7,8,9,0.08,0.14,0.18,66.7,NA,NA,"V",23
"665","220113_YST7_V24_A_BA_48hr","YST7","V24","BA",10,11,12,0.1,0.13,0.18,92.7,NA,NA,"V",24
"666","220113_YST7_V24_B_BA_48hr","YST7","V24","BA",7,8,9,0.1,0.14,0.2,94.4,NA,NA,"V",24
"667","220120_YST7_V24_A_BA_48hr","YST7","V24","BA",7,8,11,0.07,0.09,0.29,68.1,NA,NA,"V",24
"668","220120_YST7_V24_B_BA_48hr","YST7","V24","BA",3,4,6,0.08,0.16,0.31,31,NA,NA,"V",24
"669","211126_YST7_V1_A_FLC_48h","YST7","V1","FLC",5,9,13,0.27,0.4,0.4,38.5,NA,NA,"V",1
"670","211126_YST7_V1_B_FLC_48h","YST7","V1","FLC",5,8,12,0.18,0.31,0.37,51.8,NA,NA,"V",1
"671","220113_YST7_V1_A_FLC_48hr","YST7","V1","FLC",8,12,15,0.16,0.31,0.34,40.6,NA,NA,"V",1
"672","220113_YST7_V1_B_FLC_48hr","YST7","V1","FLC",8,10,14,0.15,0.17,0.3,51.2,NA,NA,"V",1
"673","211126_YST7_V2_A_FLC_48h","YST7","V2","FLC",6,9,12,0.2,0.33,0.35,54,NA,NA,"V",2
"674","211126_YST7_V2_A'_FLC_48h","YST7","V2","FLC",6,9,13,0.21,0.34,0.37,49.2,NA,NA,"V",2
"675","211126_YST7_V2_B_FLC_48h","YST7","V2","FLC",5,9,12,0.25,0.42,0.39,39.1,NA,NA,"V",2
"676","220113_YST7_V2_A_FLC_48hr","YST7","V2","FLC",10,13,20,0.23,0.25,0.38,33.1,NA,NA,"V",2
"677","220113_YST7_V2_B_FLC_48hr","YST7","V2","FLC",9,14,16,0.15,0.27,0.27,41,NA,NA,"V",2
"678","211126_YST7_V3_A_FLC_48h","YST7","V3","FLC",5,9,11,0.18,0.35,0.33,54.2,NA,NA,"V",3
"679","211126_YST7_V3_B_FLC_48h","YST7","V3","FLC",4,8,13,0.54,0.51,0.49,30,NA,NA,"V",3
"680","220113_YST7_V3_A_FLC_48hr","YST7","V3","FLC",7,9,11,0.13,0.21,0.26,81.8,NA,NA,"V",3
"681","220113_YST7_V3_B_FLC_48hr","YST7","V3","FLC",7,9,11,0.14,0.21,0.26,84.4,NA,NA,"V",3
"682","211126_YST7_V4_A_FLC_48h","YST7","V4","FLC",7,10,14,0.17,0.31,0.38,44.6,NA,NA,"V",4
"683","211126_YST7_V4_B_FLC_48h","YST7","V4","FLC",5,8,13,0.16,0.3,0.41,36,NA,NA,"V",4
"684","220113_YST7_V4_A_FLC_48hr","YST7","V4","FLC",8,10,14,0.15,0.2,0.32,65,NA,NA,"V",4
"685","220113_YST7_V4_B_FLC_48hr","YST7","V4","FLC",9,11,16,0.19,0.18,0.35,39.2,NA,NA,"V",4
"686","211126_YST7_V5_B_FLC_48h","YST7","V5","FLC",6,11,17,0.38,0.4,0.48,32.4,NA,NA,"V",5
"687","220113_YST7_V5_A_FLC_48hr","YST7","V5","FLC",8,10,13,0.08,0.19,0.27,73.2,NA,NA,"V",5
"688","220113_YST7_V5_B_FLC_48hr","YST7","V5","FLC",8,10,14,0.15,0.19,0.3,63.6,NA,NA,"V",5
"689","211126_YST7_V6_A_FLC_48h","YST7","V6","FLC",7,12,17,0.31,0.38,0.41,40.6,NA,NA,"V",6
"690","211126_YST7_V6_B_FLC_48h","YST7","V6","FLC",6,9,14,0.17,0.3,0.41,41.2,NA,NA,"V",6
"691","220113_YST7_V6_A_FLC_48hr","YST7","V6","FLC",8,9,12,0.14,0.17,0.28,61.5,NA,NA,"V",6
"692","220113_YST7_V6_B_FLC_48hr","YST7","V6","FLC",7,9,12,0.09,0.21,0.31,67.9,NA,NA,"V",6
"693","211209_YST7_V7_A_FLC_48hr","YST7","V7","FLC",6,7,11,0.16,0.2,0.37,47.4,NA,NA,"V",7
"694","211209_YST7_V7_B_FLC_48hr","YST7","V7","FLC",5,8,13,0.14,0.3,0.41,40.1,NA,NA,"V",7
"695","220120_YST7_V7_A_FLC_48hr","YST7","V7","FLC",9,10,14,0.1,0.15,0.28,60.5,NA,NA,"V",7
"696","220120_YST7_V7_B_FLC_48hr","YST7","V7","FLC",8,9,12,0.13,0.16,0.28,66,NA,NA,"V",7
"697","211209_YST7_V8_A_FLC_48hr","YST7","V8","FLC",5,7,11,0.12,0.25,0.38,50.5,NA,NA,"V",8
"698","211209_YST7_V8_B_FLC_48hr","YST7","V8","FLC",4,7,11,0.12,0.34,0.4,41.5,NA,NA,"V",8
"699","220120_YST7_V8_A_FLC_48hr","YST7","V8","FLC",7,9,12,0.13,0.18,0.3,66.3,NA,NA,"V",8
"700","220120_YST7_V8_B_FLC_48hr","YST7","V8","FLC",8,11,12,0.09,0.26,0.24,68.1,NA,NA,"V",8
"701","211209_YST7_V9_A_FLC_48hr","YST7","V9","FLC",6,8,12,0.2,0.26,0.39,43,NA,NA,"V",9
"702","211209_YST7_V9_B_FLC_48hr","YST7","V9","FLC",5,7,11,0.17,0.24,0.41,46.3,NA,NA,"V",9
"703","220120_YST7_V9_A_FLC_48hr","YST7","V9","FLC",7,10,11,0.16,0.27,0.24,75,NA,NA,"V",9
"704","220120_YST7_V9_B_FLC_48hr","YST7","V9","FLC",7,9,13,0.09,0.17,0.31,61.7,NA,NA,"V",9
"705","211209_YST7_V10_A_FLC_48hr","YST7","V10","FLC",6,8,12,0.15,0.25,0.38,46.4,NA,NA,"V",10
"706","211209_YST7_V10_B_FLC_48hr","YST7","V10","FLC",6,10,13,0.15,0.33,0.35,44.1,NA,NA,"V",10
"707","220120_YST7_V10_A_FLC_48hr","YST7","V10","FLC",7,9,12,0.09,0.17,0.27,63.9,NA,NA,"V",10
"708","220120_YST7_V10_B_FLC_48hr","YST7","V10","FLC",8,10,13,0.3,0.24,0.32,60.4,NA,NA,"V",10
"709","211209_YST7_V11_A_FLC_48hr","YST7","V11","FLC",6,8,13,0.08,0.22,0.36,40.1,NA,NA,"V",11
"710","211209_YST7_V11_B_FLC_48hr","YST7","V11","FLC",6,8,13,0.2,0.27,0.41,42.1,NA,NA,"V",11
"711","220120_YST7_V11_A_FLC_48hr","YST7","V11","FLC",7,10,12,0.11,0.24,0.26,58.6,NA,NA,"V",11
"712","220120_YST7_V11_B_FLC_48hr","YST7","V11","FLC",7,9,13,0.12,0.19,0.34,61.9,NA,NA,"V",11
"713","211209_YST7_V12_A_FLC_48hr","YST7","V12","FLC",6,8,12,0.18,0.27,0.38,47,NA,NA,"V",12
"714","211209_YST7_V12_B_FLC_48hr","YST7","V12","FLC",6,9,12,0.19,0.32,0.36,45.9,NA,NA,"V",12
"715","220120_YST7_V12_A_FLC_48hr","YST7","V12","FLC",8,10,12,0.15,0.21,0.25,62.1,NA,NA,"V",12
"716","220120_YST7_V12_B_FLC_48hr","YST7","V12","FLC",7,10,12,0.09,0.25,0.26,60,NA,NA,"V",12
"717","211216_YST7_V13_A_FLC_48hr","YST7","V13","FLC",7,9,13,0.1,0.18,0.31,54.6,NA,NA,"V",13
"718","211216_YST7_V13_B_FLC_48hr","YST7","V13","FLC",7,8,13,0.11,0.15,0.36,52.7,NA,NA,"V",13
"719","220120_YST7_V13_A_FLC_48hr","YST7","V13","FLC",7,10,12,0.19,0.27,0.28,83.5,NA,NA,"V",13
"720","220120_YST7_V13_B_FLC_48hr","YST7","V13","FLC",7,10,11,0.12,0.22,0.23,76.6,NA,NA,"V",13
"721","211216_YST7_V14_A_FLC_48hr","YST7","V14","FLC",7,10,12,0.07,0.26,0.26,58.2,NA,NA,"V",14
"722","211216_YST7_V14_B_FLC_48hr","YST7","V14","FLC",6,9,12,0.09,0.28,0.32,58.6,NA,NA,"V",14
"723","220120_YST7_V14_A_FLC_48hr","YST7","V14","FLC",7,9,12,0.16,0.22,0.3,68,NA,NA,"V",14
"724","220120_YST7_V14_B_FLC_48hr","YST7","V14","FLC",8,10,13,0.21,0.25,0.32,70.1,NA,NA,"V",14
"725","211216_YST7_V15_A_FLC_48hr","YST7","V15","FLC",7,8,12,0.08,0.12,0.3,60.6,NA,NA,"V",15
"726","211216_YST7_V15_B_FLC_48hr","YST7","V15","FLC",7,8,12,0.09,0.13,0.31,60.5,NA,NA,"V",15
"727","220120_YST7_V15_A_FLC_48hr","YST7","V15","FLC",7,9,12,0.18,0.2,0.3,75.1,NA,NA,"V",15
"728","220120_YST7_V15_B_FLC_48hr","YST7","V15","FLC",7,9,12,0.14,0.21,0.28,75.1,NA,NA,"V",15
"729","211216_YST7_V16_A_FLC_48hr","YST7","V16","FLC",8,9,13,0.1,0.16,0.34,54.2,NA,NA,"V",16
"730","211216_YST7_V16_B_FLC_48hr","YST7","V16","FLC",7,9,14,0.09,0.18,0.34,57.5,NA,NA,"V",16
"731","220120_YST7_V16_A_FLC_48hr","YST7","V16","FLC",7,9,12,0.19,0.22,0.3,76.1,NA,NA,"V",16
"732","220120_YST7_V16_B_FLC_48hr","YST7","V16","FLC",6,9,11,0.16,0.26,0.26,83.9,NA,NA,"V",16
"733","211216_YST7_V17_A_FLC_48hr","YST7","V17","FLC",7,9,13,0.11,0.18,0.31,57.5,NA,NA,"V",17
"734","211216_YST7_V17_B_FLC_48hr","YST7","V17","FLC",8,9,13,0.12,0.17,0.31,49.1,NA,NA,"V",17
"735","220120_YST7_V17_A_FLC_48hr","YST7","V17","FLC",7,10,12,0.14,0.24,0.27,84.9,NA,NA,"V",17
"736","220120_YST7_V17_B_FLC_48hr","YST7","V17","FLC",7,9,12,0.12,0.2,0.29,82.8,NA,NA,"V",17
"737","211216_YST7_V18_A_FLC_48hr","YST7","V18","FLC",7,8,14,0.06,0.1,0.35,49.3,NA,NA,"V",18
"738","211216_YST7_V18_B_FLC_48hr","YST7","V18","FLC",8,9,14,0.15,0.17,0.34,59.2,NA,NA,"V",18
"739","220120_YST7_V18_A_FLC_48hr","YST7","V18","FLC",7,8,11,0.17,0.18,0.29,92.2,NA,NA,"V",18
"740","220120_YST7_V18_B_FLC_48hr","YST7","V18","FLC",8,10,12,0.15,0.22,0.26,87.9,NA,NA,"V",18
"741","220113_YST7_V19_A_FLC_48hr","YST7","V19","FLC",6,8,10,0.18,0.24,0.29,63.1,NA,NA,"V",19
"742","220113_YST7_V19_B_FLC_48hr","YST7","V19","FLC",6,10,11,0.16,0.3,0.26,57.3,NA,NA,"V",19
"743","220120_YST7_V19_A_FLC_48hr","YST7","V19","FLC",7,9,12,0.21,0.26,0.3,74.9,NA,NA,"V",19
"744","220120_YST7_V19_B_FLC_48hr","YST7","V19","FLC",6,8,11,0.13,0.21,0.3,80.9,NA,NA,"V",19
"745","220113_YST7_V20_A_FLC_48hr","YST7","V20","FLC",7,10,12,0.17,0.27,0.28,76.1,NA,NA,"V",20
"746","220113_YST7_V20_B_FLC_48hr","YST7","V20","FLC",7,8,10,0.14,0.19,0.27,71.8,NA,NA,"V",20
"747","220120_YST7_V20_A_FLC_48hr","YST7","V20","FLC",6,8,10,0.63,0.37,0.37,76,NA,NA,"V",20
"748","220113_YST7_V21_A_FLC_48hr","YST7","V21","FLC",7,10,13,0.15,0.29,0.32,63.3,NA,NA,"V",21
"749","220113_YST7_V21_B_FLC_48hr","YST7","V21","FLC",8,10,13,0.18,0.26,0.3,67,NA,NA,"V",21
"750","220120_YST7_V21_A_FLC_48hr","YST7","V21","FLC",8,10,12,0.12,0.23,0.24,64.7,NA,NA,"V",21
"751","220120_YST7_V21_B_FLC_48hr","YST7","V21","FLC",8,11,14,0.15,0.26,0.29,54.6,NA,NA,"V",21
"752","220113_YST7_V22_A_FLC_48hr","YST7","V22","FLC",7,9,12,0.13,0.22,0.3,64.6,NA,NA,"V",22
"753","220113_YST7_V22_B_FLC_48hr","YST7","V22","FLC",7,9,12,0.16,0.25,0.3,64.5,NA,NA,"V",22
"754","220120_YST7_V22_A_FLC_48hr","YST7","V22","FLC",8,10,12,0.15,0.19,0.25,48.8,NA,NA,"V",22
"755","220120_YST7_V22_B_FLC_48hr","YST7","V22","FLC",9,12,15,0.17,0.27,0.29,53.4,NA,NA,"V",22
"756","220113_YST7_V23_A_FLC_48hr","YST7","V23","FLC",7,9,11,0.15,0.23,0.26,73.5,NA,NA,"V",23
"757","220113_YST7_V23_B_FLC_48hr","YST7","V23","FLC",7,9,12,0.2,0.23,0.29,65.3,NA,NA,"V",23
"758","220120_YST7_V23_A_FLC_48hr","YST7","V23","FLC",8,10,13,0.15,0.2,0.27,65.1,NA,NA,"V",23
"759","220120_YST7_V23_B_FLC_48hr","YST7","V23","FLC",8,10,13,0.09,0.21,0.27,52.9,NA,NA,"V",23
"760","220113_YST7_V24_A_FLC_48hr","YST7","V24","FLC",7,8,11,0.12,0.16,0.28,67.3,NA,NA,"V",24
"761","220113_YST7_V24_B_FLC_48hr","YST7","V24","FLC",6,8,12,0.14,0.2,0.34,67,NA,NA,"V",24
"762","220120_YST7_V24_A_FLC_48hr","YST7","V24","FLC",8,10,13,0.11,0.21,0.27,60,NA,NA,"V",24
"763","220120_YST7_V24_B_FLC_48hr","YST7","V24","FLC",8,9,14,0.17,0.16,0.35,55.7,NA,NA,"V",24
