name,line,type,RAD80,RAD50,RAD20,FoG80,FoG50,FoG20,slope,DDA,
YST6_R_12_a_BA,YST6,R,9,12,16,0.25,0.25,0.34,25.3,DDA1,
YST6_R_12_a_FLC,YST6,R,4,9,23,0.33,0.46,0.59,7.6,DDA1,
YST6_R_12_b_BA,YST6,R,6,11,14,0.32,0.38,0.38,25.5,DDA1,
YST6_R_12_b_FLC,YST6,R,3,6,20,0.53,0.49,0.67,7.4,DDA1,
YST6_R_13_a_FLC,YST6,R,3,6,15,0.5,0.47,0.64,9.4,DDA1,
YST6_R_13_b_BA,YST6,R,8,12,14,0.21,0.29,0.28,26.3,DDA1,
YST6_R_13_b_FLC,YST6,R,2,7,25,0.58,0.51,0.73,8.4,DDA1,
YST6_R_14_a_BA,YST6,R,7,10,16,0.22,0.3,0.43,22.1,DDA1,
YST6_R_14_a_FLC,YST6,R,3,8,16,0.47,0.54,0.67,8.5,DDA1,
YST6_R_15_a_BA,YST6,R,7,11,13,0.28,0.33,0.33,20.3,DDA1,
YST6_R_15_a_FLC,YST6,R,2,8,22,0.38,0.6,0.66,9.3,DDA1,
YST6_R_15_b_BA,YST6,R,6,10,16,0.38,0.37,0.47,19.2,DDA1,
YST6_R_15_b_FLC,YST6,R,3,6,18,0.54,0.42,0.65,8.3,DDA1,
YST6_R_16_a_BA,YST6,R,8,11,15,0.26,0.25,0.36,25.2,DDA1,
YST6_R_16_a_FLC,YST6,R,3,9,23,0.67,0.61,0.64,9.4,DDA1,
YST6_R_16_b_BA,YST6,R,7,11,14,0.24,0.31,0.34,21.6,DDA1,
YST6_R_16_b_FLC,YST6,R,2,7,23,0.42,0.57,0.68,8.5,DDA1,
YST6_R_17_a_BA,YST6,R,0,4,10,NA,0.69,0.7,28.1,DDA1,
YST6_R_17_a_FLC,YST6,R,3,7,19,0.4,0.44,0.65,6.9,DDA1,
YST6_R_17_b_BA,YST6,R,7,11,16,0.29,0.33,0.39,17.3,DDA1,
YST6_R_17_b_FLC,YST6,R,1,6,18,NA,0.59,0.73,8.2,DDA1,
YST6_R_18_a_BA,YST6,R,10,12,16,0.16,0.2,0.3,24.1,DDA1,
YST6_R_18_a_FLC,YST6,R,2,7,25,0.54,0.56,0.66,8.3,DDA1,
YST6_R_18_b_BA,YST6,R,8,11,14,0.22,0.24,0.31,25.7,DDA1,
YST6_R_18_b_FLC,YST6,R,3,6,17,0.5,0.48,0.67,8.3,DDA1,
YST6_R_19_a_BA,YST6,R,8,11,15,0.26,0.26,0.35,25.3,DDA1,
YST6_R_19_a_FLC,YST6,R,3,9,25,0.53,0.55,0.63,8.9,DDA1,
YST6_R_19_b_BA,YST6,R,9,12,16,0.22,0.22,0.33,25.1,DDA1,
YST6_R_19_b_FLC,YST6,R,3,6,18,0.42,0.45,0.65,7.6,DDA1,
YST6_R_20_a_BA,YST6,R,8,11,15,0.36,0.28,0.38,21.8,DDA1,
YST6_R_20_a_FLC,YST6,R,1,5,9,NA,0.57,0.55,9.8,DDA1,
YST6_R_20_b_BA,YST6,R,8,11,14,0.26,0.27,0.31,22.8,DDA1,
YST6_R_20_b_FLC,YST6,R,3,6,13,0.46,0.49,0.64,8.5,DDA1,
YST6_R_21_a_BA,YST6,R,6,10,15,0.42,0.35,0.44,15.2,DDA1,
YST6_R_21_a_FLC,YST6,R,1,6,16,NA,0.62,0.68,8,DDA1,
YST6_R_21_b_BA,YST6,R,9,13,18,0.19,0.24,0.35,26.2,DDA1,
YST6_R_21_b_FLC,YST6,R,2,7,20,0.5,0.61,0.68,8.9,DDA1,
YST6_R_22_a_BA,YST6,R,9,12,18,0.32,0.29,0.41,24.4,DDA1,
YST6_R_22_a_FLC,YST6,R,2,8,25,0.45,0.58,0.64,7.5,DDA1,
YST6_R_22_b_BA,YST6,R,4,8,11,0.44,0.49,0.45,12.2,DDA1,
YST6_R_22_b_FLC,YST6,R,5,15,24,0.48,0.6,0.52,11.7,DDA1,
YST6_R_23_a_BA,YST6,R,7,11,16,0.32,0.36,0.42,17,DDA1,
YST6_R_23_a_FLC,YST6,R,2,6,22,0.55,0.62,0.7,7,DDA1,
YST6_R_23_b_BA,YST6,R,11,15,20,0.19,0.27,0.34,26,DDA1,
YST6_R_23_b_FLC,YST6,R,3,6,17,0.71,0.47,0.67,9.1,DDA1,
YST6_R_24_a_BA,YST6,R,6,9,12,0.27,0.33,0.35,23.1,DDA1,
YST6_R_24_a_FLC,YST6,R,3,6,18,0.33,0.43,0.7,7.8,DDA1,
YST6_R_24_b_BA,YST6,R,7,12,15,0.24,0.35,0.34,22,DDA1,
YST6_R_24_b_FLC,YST6,R,2,5,11,0.5,0.46,0.61,7.7,DDA1,
YST6_V_07_a_BA,YST6,V,0,0,13,NA,NA,0.79,16.8,DDA1,
YST6_V_07_a_FLC,YST6,V,2,7,13,0.46,0.55,0.66,8.2,DDA1,
YST6_V_07_b_BA,YST6,V,6,10,13,0.43,0.35,0.4,18.4,DDA1,
YST6_V_07_b_FLC,YST6,V,3,5,15,0.67,0.41,0.64,7.6,DDA1,
YST6_V_08_a_BA,YST6,V,3,7,12,0.38,0.45,0.51,11.7,DDA1,
YST6_V_08_a_FLC,YST6,V,3,8,21,0.47,0.54,0.68,10.1,DDA1,
YST6_V_08_b_BA,YST6,V,8,12,16,0.17,0.25,0.33,23,DDA1,
YST6_V_08_b_FLC,YST6,V,2,7,26,0.57,0.61,0.72,8.5,DDA1,
YST6_V_09_a_BA,YST6,V,5,10,13,0.25,0.4,0.38,18.7,DDA1,
YST6_V_09_a_FLC,YST6,V,2,7,12,0.5,0.51,0.58,9,DDA1,
YST6_V_09_b_BA,YST6,V,10,14,22,0.21,0.26,0.41,25.4,DDA1,
YST6_V_09_b_FLC,YST6,V,1,5,18,NA,0.55,0.74,9.1,DDA1,
YST6_V_10_a_BA,YST6,V,11,14,21,0.13,0.19,0.35,27,DDA1,
YST6_V_10_a_FLC,YST6,V,2,6,19,0.57,0.55,0.67,10.2,DDA1,
YST6_V_10_b_BA,YST6,V,10,13,19,0.16,0.22,0.36,26.3,DDA1,
YST6_V_10_b_FLC,YST6,V,2,7,13,0.5,0.53,0.62,10,DDA1,
YST6_V_11_a_BA,YST6,V,8,12,16,0.24,0.31,0.36,21.1,DDA1,
YST6_V_11_a_FLC,YST6,V,3,6,15,0.46,0.42,0.61,8.8,DDA1,
YST6_V_11_b_BA,YST6,V,9,12,17,0.21,0.25,0.38,25.8,DDA1,
YST6_V_11_b_FLC,YST6,V,1,4,19,NA,0.56,0.77,7.3,DDA1,
YST6_V_12_a_BA,YST6,V,9,11,15,0.17,0.2,0.31,22.7,DDA1,
YST6_V_12_a_FLC,YST6,V,2,5,15,0.67,0.45,0.67,8.2,DDA1,
YST6_V_12_b_BA,YST6,V,9,12,17,0.2,0.27,0.37,26.1,DDA1,
YST6_V_12_b_FLC,YST6,V,4,8,23,0.5,0.49,0.65,7.3,DDA1,
YST6_V_13_a_BA,YST6,V,10,13,15,0.15,0.21,0.25,34.5,DDA1,
YST6_V_13_a_FLC,YST6,V,3,6,22,0.53,0.46,0.73,8.2,DDA1,
YST6_V_13_b_BA,YST6,V,8,12,20,0.18,0.27,0.44,23.6,DDA1,
YST6_V_13_b_FLC,YST6,V,3,7,19,0.38,0.45,0.62,8.5,DDA1,
YST6_V_14_a_BA,YST6,V,8,11,16,0.33,0.3,0.39,25.5,DDA1,
YST6_V_14_a_FLC,YST6,V,3,8,19,0.44,0.55,0.69,7.7,DDA1,
YST6_V_14_b_BA,YST6,V,5,10,13,0.41,0.41,0.38,20.5,DDA1,
YST6_V_14_b_FLC,YST6,V,2,6,13,0.44,0.48,0.6,8.7,DDA1,
YST6_V_15_a_BA,YST6,V,7,10,15,0.38,0.3,0.43,18.4,DDA1,
YST6_V_15_a_FLC,YST6,V,3,6,20,0.38,0.44,0.66,7.9,DDA1,
YST6_V_15_b_BA,YST6,V,9,12,17,0.15,0.21,0.36,24,DDA1,
YST6_V_15_b_FLC,YST6,V,3,6,18,0.59,0.49,0.65,9.2,DDA1,
YST6_V_16_a_BA,YST6,V,9,12,16,0.17,0.23,0.32,24.3,DDA1,
YST6_V_16_a_FLC,YST6,V,2,5,10,0.8,0.52,0.63,11.7,DDA1,
YST6_V_16_b_BA,YST6,V,11,14,18,0.14,0.18,0.29,28.5,DDA1,
YST6_V_16_b_FLC,YST6,V,2,7,14,0.8,0.57,0.65,10.8,DDA1,
YST6_V_17_a_BA,YST6,V,9,12,15,0.16,0.24,0.3,27.2,DDA1,
YST6_V_17_a_FLC,YST6,V,2,5,11,0.7,0.52,0.62,8.1,DDA1,
YST6_V_17_b_BA,YST6,V,9,13,17,0.23,0.25,0.32,19.8,DDA1,
YST6_V_17_b_FLC,YST6,V,2,7,14,0.6,0.57,0.64,9.8,DDA1,
YST6_V_18_a_BA,YST6,V,9,13,15,0.11,0.24,0.24,27.6,DDA1,
YST6_V_18_a_FLC,YST6,V,2,5,19,0.6,0.55,0.71,6.8,DDA1,
YST6_V_18_b_BA,YST6,V,9,12,16,0.16,0.23,0.3,29.8,DDA1,
YST6_V_18_b_FLC,YST6,V,3,8,14,0.47,0.54,0.62,8.4,DDA1,
YST6_R_1_a_BA,YST6,R,7,11,13,0.26,0.32,0.33,24.3,DDA2,
YST6_R_1_a_FLC,YST6,R,2,7,20,0.5,0.55,0.65,8.8,DDA2,
YST6_R_1_b_BA,YST6,R,9,11,16,0.17,0.16,0.34,25.2,DDA2,
YST6_R_1_b_FLC,YST6,R,3,6,15,0.43,0.46,0.62,8.9,DDA2,
YST6_R_10_a_BA,YST6,R,10,12,15,0.23,0.22,0.27,35.6,DDA2,
YST6_R_10_a_FLC,YST6,R,7,17,23,0.3,0.45,0.43,15.7,DDA2,
YST6_R_10_b_BA,YST6,R,8,11,15,0.16,0.22,0.32,23.6,DDA2,
YST6_R_10_b_FLC,YST6,R,4,8,21,0.38,0.45,0.58,8.1,DDA2,
YST6_R_11_a_BA,YST6,R,9,12,19,0.14,0.21,0.38,25,DDA2,
YST6_R_11_a_FLC,YST6,R,2,8,24,0.45,0.58,0.68,7.9,DDA2,
YST6_R_11_b_BA,YST6,R,8,10,13,0.26,0.23,0.3,31.6,DDA2,
YST6_R_11_b_FLC,YST6,R,1,3,9,NA,0.75,0.73,6.1,DDA2,
YST6_R_12_a_BA,YST6,R,9,12,15,0.19,0.21,0.26,30.8,DDA2,
YST6_R_12_a_FLC,YST6,R,2,8,13,0.45,0.58,0.61,8,DDA2,
YST6_R_12_b_BA,YST6,R,8,11,16,0.19,0.27,0.39,22.4,DDA2,
YST6_R_12_b_FLC,YST6,R,5,15,25,0.43,0.58,0.49,9.8,DDA2,
YST6_R_2_a_BA,YST6,R,7,10,12,0.28,0.26,0.3,27.8,DDA2,
YST6_R_2_a_FLC,YST6,R,1,7,23,NA,0.66,0.7,7.5,DDA2,
YST6_R_2_b_BA,YST6,R,10,13,16,0.16,0.2,0.27,33.1,DDA2,
YST6_R_2_b_FLC,YST6,R,3,12,26,0.44,0.61,0.62,8.9,DDA2,
YST6_R_3_a_BA,YST6,R,10,12,19,0.11,0.15,0.37,28.6,DDA2,
YST6_R_3_a_FLC,YST6,R,1,5,20,NA,0.62,0.76,6.3,DDA2,
YST6_R_3_b_BA,YST6,R,10,13,17,0.14,0.2,0.31,37.6,DDA2,
YST6_R_3_b_FLC,YST6,R,3,12,26,0.35,0.62,0.6,8,DDA2,
YST6_R_4_a_BA,YST6,R,4,9,11,0.19,0.38,0.38,26.5,DDA2,
YST6_R_4_a_FLC,YST6,R,3,7,21,0.47,0.51,0.66,9.2,DDA2,
YST6_R_4_b_BA,YST6,R,10,12,15,0.25,0.2,0.29,38.3,DDA2,
YST6_R_4_b_FLC,YST6,R,3,5,13,0.77,0.43,0.65,9.6,DDA2,
YST6_R_5_a_BA,YST6,R,11,14,19,0.11,0.22,0.31,27,DDA2,
YST6_R_5_a_FLC,YST6,R,1,4,14,NA,0.67,0.74,6.1,DDA2,
YST6_R_5_b_BA,YST6,R,10,13,18,0.19,0.24,0.34,25.9,DDA2,
YST6_R_5_b_FLC,YST6,R,3,10,15,0.5,0.62,0.6,9.8,DDA2,
YST6_R_6_a_BA,YST6,R,8,11,13,0.17,0.23,0.26,26.3,DDA2,
YST6_R_6_a_FLC,YST6,R,0,2,5,NA,0.68,0.62,5.2,DDA2,
YST6_R_6_b_BA,YST6,R,8,11,13,0.22,0.24,0.27,28.2,DDA2,
YST6_R_6_b_FLC,YST6,R,4,10,22,0.55,0.52,0.59,10.1,DDA2,
YST6_R_7_a_BA,YST6,R,9,11,14,0.16,0.19,0.28,33,DDA2,
YST6_R_7_a_FLC,YST6,R,4,11,25,0.48,0.57,0.62,7.9,DDA2,
YST6_R_7_b_BA,YST6,R,7,10,12,0.26,0.29,0.28,30,DDA2,
YST6_R_7_b_FLC,YST6,R,4,12,25,0.48,0.55,0.53,9.7,DDA2,
YST6_R_8_a_BA,YST6,R,8,11,15,0.26,0.25,0.35,25,DDA2,
YST6_R_8_a_FLC,YST6,R,4,11,25,0.56,0.56,0.58,10.3,DDA2,
YST6_R_8_b_BA,YST6,R,10,12,16,0.17,0.2,0.29,33,DDA2,
YST6_R_8_b_FLC,YST6,R,2,9,15,0.46,0.6,0.67,8.6,DDA2,
YST6_R_9_a_BA,YST6,R,10,13,17,0.19,0.22,0.31,40.1,DDA2,
YST6_R_9_a_FLC,YST6,R,3,7,20,0.57,0.57,0.69,7.3,DDA2,
YST6_R_9_b_BA,YST6,R,11,13,17,0.16,0.17,0.29,26.4,DDA2,
YST6_R_9_b_FLC,YST6,R,4,11,24,0.43,0.54,0.59,8.9,DDA2,
YST6_V_1_a_BA,YST6,V,10,12,16,0.2,0.19,0.32,30.7,DDA2,
YST6_V_1_a_FLC,YST6,V,3,7,19,0.46,0.51,0.6,8.2,DDA2,
YST6_V_1_b_BA,YST6,V,7,10,15,0.16,0.24,0.39,24.9,DDA2,
YST6_V_1_b_FLC,YST6,V,4,13,18,0.5,0.59,0.6,11.5,DDA2,
YST6_V_19_a_BA,YST6,V,10,12,16,0.12,0.16,0.29,26.8,DDA2,
YST6_V_19_a_FLC,YST6,V,4,10,25,0.5,0.53,0.59,9.6,DDA2,
YST6_V_19_b_BA,YST6,V,9,12,17,0.29,0.27,0.38,28.4,DDA2,
YST6_V_19_b_FLC,YST6,V,5,11,24,0.39,0.47,0.57,10.1,DDA2,
YST6_V_2_a_BA,YST6,V,7,9,14,0.17,0.23,0.4,22.5,DDA2,
YST6_V_2_a_FLC,YST6,V,4,9,24,0.43,0.51,0.6,8.7,DDA2,
YST6_V_2_b_BA,YST6,V,11,14,19,0.11,0.18,0.3,29.6,DDA2,
YST6_V_2_b_FLC,YST6,V,4,12,24,0.44,0.55,0.55,11.2,DDA2,
YST6_V_20_a_BA,YST6,V,8,11,15,0.2,0.23,0.33,31.8,DDA2,
YST6_V_20_a_FLC,YST6,V,3,8,20,0.44,0.52,0.63,8.9,DDA2,
YST6_V_20_b_BA,YST6,V,9,12,18,0.14,0.2,0.35,26.4,DDA2,
YST6_V_20_b_FLC,YST6,V,3,11,23,0.44,0.62,0.6,8.8,DDA2,
YST6_V_21_a_BA,YST6,V,9,12,15,0.15,0.2,0.28,31.5,DDA2,
YST6_V_21_a_FLC,YST6,V,3,9,20,0.62,0.59,0.64,9.3,DDA2,
YST6_V_21_b_BA,YST6,V,8,10,13,0.18,0.19,0.29,25.2,DDA2,
YST6_V_21_b_FLC,YST6,V,4,16,18,0.32,0.64,0.55,9.1,DDA2,
YST6_V_22_a_BA,YST6,V,10,12,18,0.14,0.17,0.34,25.2,DDA2,
YST6_V_22_b_BA,YST6,V,10,13,18,0.11,0.21,0.33,24.1,DDA2,
YST6_V_22_b_FLC,YST6,V,5,14,24,0.39,0.52,0.53,11.1,DDA2,
YST6_V_23_a_BA,YST6,V,10,13,17,0.18,0.21,0.3,28.4,DDA2,
YST6_V_23_a_FLC,YST6,V,4,11,23,0.42,0.5,0.56,12.3,DDA2,
YST6_V_23_b_BA,YST6,V,11,13,19,0.09,0.13,0.32,35,DDA2,
YST6_V_23_b_FLC,YST6,V,6,12,22,0.41,0.46,0.54,13.8,DDA2,
YST6_V_24_a_BA,YST6,V,10,12,16,0.12,0.15,0.27,32.4,DDA2,
YST6_V_24_a_FLC,YST6,V,6,12,25,0.42,0.46,0.57,13.5,DDA2,
YST6_V_24_b_BA,YST6,V,11,12,17,0.17,0.16,0.32,29.9,DDA2,
YST6_V_24_b_FLC,YST6,V,1,2,10,NA,0.54,0.76,6.7,DDA2,
YST6_V_3_a_BA,YST6,V,11,13,18,0.14,0.17,0.31,31,DDA2,
YST6_V_3_a_FLC,YST6,V,5,12,24,0.44,0.49,0.56,11.6,DDA2,
YST6_V_3_b_BA,YST6,V,10,12,14,0.21,0.17,0.23,38.7,DDA2,
YST6_V_3_b_FLC,YST6,V,4,12,25,0.48,0.51,0.64,11.9,DDA2,
YST6_V_4_a_BA,YST6,V,10,13,18,0.2,0.25,0.37,25.8,DDA2,
YST6_V_4_a_FLC,YST6,V,0,5,14,NA,0.77,0.75,6.7,DDA2,
YST6_V_4_b_BA,YST6,V,10,12,17,0.14,0.18,0.35,26,DDA2,
YST6_V_4_b_FLC,YST6,V,3,9,15,0.53,0.55,0.6,9.2,DDA2,
YST6_V_5_a_BA,YST6,V,9,12,16,0.16,0.21,0.32,23.4,DDA2,
YST6_V_5_a_FLC,YST6,V,3,9,24,0.74,0.58,0.61,10.1,DDA2,
YST6_V_5_b_BA,YST6,V,9,12,16,0.12,0.2,0.32,30,DDA2,
YST6_V_5_b_FLC,YST6,V,3,12,24,0.5,0.6,0.57,10.5,DDA2,
YST6_V_6_a_BA,YST6,V,10,13,19,0.14,0.22,0.36,31.5,DDA2,
YST6_V_6_a_FLC,YST6,V,3,10,21,0.4,0.59,0.57,8.8,DDA2,
YST6_V_6_b_BA,YST6,V,11,13,17,0.13,0.17,0.26,25.8,DDA2,
YST6_V_6_b_FLC,YST6,V,3,9,21,0.38,0.57,0.6,9.3,DDA2,
YST6_R_13_a_BA,YST6,R,9,11,14,0.14,0.17,0.26,24,DDA3,
YST6_R_13_a_FLC,YST6,R,2,8,22,0.69,0.65,0.64,8.3,DDA3,
YST6_R_13_b_BA,YST6,R,10,12,16,0.17,0.2,0.31,22.4,DDA3,
YST6_R_13_b_FLC,YST6,R,3,10,26,0.47,0.59,0.62,8.3,DDA3,
YST6_R_14_a_BA,YST6,R,9,11,14,0.18,0.2,0.27,25,DDA3,
YST6_R_14_a_FLC,YST6,R,3,7,22,0.53,0.53,0.71,8.6,DDA3,
YST6_R_14_b_BA,YST6,R,10,12,15,0.15,0.17,0.26,30.1,DDA3,
YST6_R_14_b_FLC,YST6,R,3,10,25,0.52,0.64,0.61,8.1,DDA3,
YST6_R_15_a_BA,YST6,R,8,11,15,0.24,0.24,0.34,22.4,DDA3,
YST6_R_15_a_FLC,YST6,R,2,7,22,0.55,0.59,0.66,8,DDA3,
YST6_R_15_b_BA,YST6,R,10,13,20,0.13,0.19,0.39,17.4,DDA3,
YST6_R_15_b_FLC,YST6,R,3,7,23,0.5,0.49,0.66,7,DDA3,
YST6_R_16_a_BA,YST6,R,9,11,15,0.11,0.16,0.29,24.6,DDA3,
YST6_R_16_a_FLC,YST6,R,3,7,24,0.5,0.52,0.69,6.3,DDA3,
YST6_R_16_b_BA,YST6,R,8,11,18,0.16,0.22,0.44,20.4,DDA3,
YST6_R_16_b_FLC,YST6,R,3,8,22,0.4,0.55,0.63,7.9,DDA3,
YST6_R_17_a_BA,YST6,R,11,12,20,0.14,0.14,0.41,20,DDA3,
YST6_R_17_a_FLC,YST6,R,3,10,16,0.36,0.6,0.63,6.8,DDA3,
YST6_R_17_b_BA,YST6,R,8,10,15,0.24,0.21,0.37,20.2,DDA3,
YST6_R_17_b_FLC,YST6,R,2,7,20,0.3,0.54,0.65,7.5,DDA3,
YST6_R_18_a_BA,YST6,R,8,11,17,0.22,0.25,0.41,24.2,DDA3,
YST6_R_18_a_FLC,YST6,R,3,8,10,0.38,0.47,0.45,11.4,DDA3,
YST6_R_18_b_BA,YST6,R,12,14,21,0.14,0.15,0.35,28,DDA3,
YST6_R_18_b_FLC,YST6,R,3,6,17,0.69,0.45,0.66,8.9,DDA3,
YST6_R_19_a_BA,YST6,R,9,12,14,0.17,0.2,0.23,29,DDA3,
YST6_R_19_a_FLC,YST6,R,0,5,16,NA,0.63,0.71,7,DDA3,
YST6_R_19_b_BA,YST6,R,10,12,15,0.13,0.17,0.26,29.2,DDA3,
YST6_R_19_b_FLC,YST6,R,3,7,22,0.38,0.44,0.66,8.1,DDA3,
YST6_R_20_a_BA,YST6,R,11,13,16,0.15,0.16,0.26,31.6,DDA3,
YST6_R_20_a_FLC,YST6,R,4,8,13,0.27,0.38,0.46,13.1,DDA3,
YST6_R_20_b_BA,YST6,R,10,12,15,0.12,0.15,0.25,31.9,DDA3,
YST6_R_20_b_FLC,YST6,R,4,10,24,0.33,0.52,0.6,9.5,DDA3,
YST6_R_21_a_BA,YST6,R,12,14,17,0.09,0.14,0.23,31.1,DDA3,
YST6_R_21_a_FLC,YST6,R,4,7,17,0.35,0.42,0.65,10.9,DDA3,
YST6_R_21_b_BA,YST6,R,10,13,16,0.15,0.21,0.26,30.5,DDA3,
YST6_R_21_b_FLC,YST6,R,3,7,16,0.5,0.48,0.62,9.4,DDA3,
YST6_R_22_a_BA,YST6,R,10,13,15,0.13,0.22,0.24,34.9,DDA3,
YST6_R_22_a_FLC,YST6,R,4,10,23,0.35,0.48,0.59,10,DDA3,
YST6_R_22_b_BA,YST6,R,9,12,14,0.1,0.22,0.24,28.6,DDA3,
YST6_R_22_b_FLC,YST6,R,4,8,21,0.57,0.5,0.64,10,DDA3,
YST6_R_23_a_BA,YST6,R,11,13,20,0.13,0.17,0.4,25.5,DDA3,
YST6_R_23_a_FLC,YST6,R,3,6,16,0.5,0.45,0.63,10.2,DDA3,
YST6_R_23_b_BA,YST6,R,10,12,20,0.11,0.15,0.38,25.4,DDA3,
YST6_R_23_b_FLC,YST6,R,5,12,25,0.36,0.49,0.56,10.2,DDA3,
YST6_R_24_a_BA,YST6,R,12,14,18,0.13,0.16,0.25,36.8,DDA3,
YST6_R_24_a_FLC,YST6,R,3,7,22,0.44,0.48,0.69,9.3,DDA3,
YST6_R_24_b_BA,YST6,R,11,13,17,0.13,0.15,0.27,35.9,DDA3,
YST6_R_24_b_FLC,YST6,R,4,8,10,0.43,0.4,0.46,9.6,DDA3,
YST6_V_10_a_BA,YST6,V,9,12,17,0.2,0.24,0.35,22.6,DDA3,
YST6_V_10_a_FLC,YST6,V,2,8,25,0.46,0.57,0.68,9.1,DDA3,
YST6_V_10_b_BA,YST6,V,8,11,17,0.2,0.24,0.39,20.9,DDA3,
YST6_V_10_b_FLC,YST6,V,2,10,17,0.43,0.63,0.66,8.3,DDA3,
YST6_V_11_a_BA,YST6,V,9,12,16,0.16,0.22,0.33,21.1,DDA3,
YST6_V_11_a_FLC,YST6,V,3,8,21,0.5,0.57,0.63,8,DDA3,
YST6_V_11_b_BA,YST6,V,9,11,13,0.18,0.21,0.22,27.5,DDA3,
YST6_V_11_b_FLC,YST6,V,3,7,16,0.47,0.49,0.58,8.3,DDA3,
YST6_V_12_a_BA,YST6,V,11,12,18,0.13,0.14,0.36,25,DDA3,
YST6_V_12_a_FLC,YST6,V,3,7,24,0.53,0.53,0.69,8.5,DDA3,
YST6_V_12_b_BA,YST6,V,9,11,15,0.26,0.22,0.34,24.6,DDA3,
YST6_V_12_b_FLC,YST6,V,3,8,22,0.5,0.54,0.66,8.5,DDA3,
YST6_V_13_a_BA,YST6,V,9,11,16,0.19,0.19,0.33,26.1,DDA3,
YST6_V_13_a_FLC,YST6,V,3,7,21,0.57,0.53,0.67,6.8,DDA3,
YST6_V_13_b_BA,YST6,V,7,10,20,0.24,0.31,0.54,15.9,DDA3,
YST6_V_13_b_FLC,YST6,V,2,5,15,0.5,0.57,0.68,7.7,DDA3,
YST6_V_14_a_BA,YST6,V,10,13,16,0.13,0.2,0.27,23.7,DDA3,
YST6_V_14_a_FLC,YST6,V,3,7,23,0.63,0.53,0.66,8.1,DDA3,
YST6_V_14_b_BA,YST6,V,7,10,14,0.18,0.25,0.37,22.8,DDA3,
YST6_V_14_b_FLC,YST6,V,3,10,24,0.5,0.6,0.64,8.8,DDA3,
YST6_V_15_a_BA,YST6,V,9,11,15,0.14,0.17,0.31,26.6,DDA3,
YST6_V_15_a_FLC,YST6,V,3,9,15,0.44,0.61,0.64,7.5,DDA3,
YST6_V_15_b_BA,YST6,V,8,11,16,0.21,0.25,0.38,18.7,DDA3,
YST6_V_15_b_FLC,YST6,V,2,10,25,0.5,0.63,0.63,8,DDA3,
YST6_V_16_a_BA,YST6,V,11,13,19,0.15,0.17,0.32,25.7,DDA3,
YST6_V_16_a_FLC,YST6,V,4,9,17,0.3,0.45,0.51,13.3,DDA3,
YST6_V_16_b_BA,YST6,V,10,13,15,0.13,0.21,0.22,34.8,DDA3,
YST6_V_16_b_FLC,YST6,V,5,9,20,0.46,0.45,0.6,10.1,DDA3,
YST6_V_17_a_BA,YST6,V,1,1,1,NA,NA,NA,4.7,DDA3,
YST6_V_17_a_FLC,YST6,V,2,9,26,0.25,0.58,0.7,8.4,DDA3,
YST6_V_17_b_BA,YST6,V,8,11,17,0.19,0.24,0.43,21.7,DDA3,
YST6_V_17_b_FLC,YST6,V,3,7,20,0.38,0.44,0.65,8.7,DDA3,
YST6_V_18_a_BA,YST6,V,10,12,15,0.11,0.18,0.25,27.8,DDA3,
YST6_V_18_a_FLC,YST6,V,3,9,24,0.5,0.48,0.66,9.2,DDA3,
YST6_V_18_b_BA,YST6,V,9,11,14,0.17,0.19,0.27,26.5,DDA3,
YST6_V_18_b_FLC,YST6,V,3,9,24,0.47,0.59,0.62,7.8,DDA3,
YST6_V_19_a_BA,YST6,V,8,11,14,0.24,0.24,0.29,24.6,DDA3,
YST6_V_19_a_FLC,YST6,V,3,8,21,0.53,0.52,0.62,8,DDA3,
YST6_V_19_b_BA,YST6,V,9,12,18,0.15,0.2,0.36,24.1,DDA3,
YST6_V_19_b_FLC,YST6,V,3,7,22,0.6,0.55,0.71,8,DDA3,
YST6_V_20_a_BA,YST6,V,9,11,13,0.2,0.18,0.26,28,DDA3,
YST6_V_20_a_FLC,YST6,V,3,7,16,0.43,0.46,0.61,10.6,DDA3,
YST6_V_20_b_BA,YST6,V,10,13,17,0.12,0.18,0.31,33.4,DDA3,
YST6_V_20_b_FLC,YST6,V,3,8,19,0.65,0.54,0.65,10.5,DDA3,
YST6_V_21_a_BA,YST6,V,12,14,19,0.1,0.15,0.3,33.6,DDA3,
YST6_V_21_a_FLC,YST6,V,2,7,13,0.58,0.51,0.61,12,DDA3,
YST6_V_21_b_BA,YST6,V,11,13,17,0.11,0.16,0.27,35.4,DDA3,
YST6_V_21_b_FLC,YST6,V,3,8,13,0.21,0.45,0.52,12.2,DDA3,
YST6_V_22_a_BA,YST6,V,9,11,13,0.16,0.18,0.21,26.2,DDA3,
YST6_V_22_a_FLC,YST6,V,2,5,19,0.56,0.53,0.76,6.8,DDA3,
YST6_V_22_b_BA,YST6,V,9,11,15,0.18,0.21,0.31,23.1,DDA3,
YST6_V_22_b_FLC,YST6,V,4,10,21,0.36,0.5,0.58,7.5,DDA3,
YST6_V_23_a_BA,YST6,V,9,12,14,0.17,0.22,0.26,26.5,DDA3,
YST6_V_23_a_FLC,YST6,V,2,6,11,0.5,0.56,0.61,8.1,DDA3,
YST6_V_23_b_BA,YST6,V,9,12,14,0.16,0.2,0.24,29.5,DDA3,
YST6_V_23_b_FLC,YST6,V,3,8,23,0.5,0.56,0.66,6.9,DDA3,
YST6_V_24_a_BA,YST6,V,9,10,13,0.15,0.15,0.29,20.5,DDA3,
YST6_V_24_a_FLC,YST6,V,2,6,13,0.67,0.66,0.72,6.8,DDA3,
YST6_V_24_b_BA,YST6,V,8,11,13,0.26,0.23,0.26,22.8,DDA3,
YST6_V_24_b_FLC,YST6,V,1,4,8,NA,0.64,0.56,6.3,DDA3,
YST6_V_7_a_BA,YST6,V,8,11,14,0.23,0.27,0.3,30.8,DDA3,
YST6_V_7_a_FLC,YST6,V,3,7,22,0.56,0.57,0.69,8.8,DDA3,
YST6_V_7_b_BA,YST6,V,10,14,15,0.16,0.24,0.26,21.1,DDA3,
YST6_V_7_b_FLC,YST6,V,3,5,13,0.43,0.42,0.6,9.7,DDA3,
YST6_V_8_a_BA,YST6,V,10,13,16,0.11,0.21,0.27,26.4,DDA3,
YST6_V_8_a_FLC,YST6,V,4,9,24,0.42,0.51,0.6,8.9,DDA3,
YST6_V_8_b_BA,YST6,V,11,13,18,0.11,0.16,0.32,28.3,DDA3,
YST6_V_8_b_FLC,YST6,V,2,7,26,0.5,0.63,0.73,7.6,DDA3,
YST6_V_9_a_BA,YST6,V,9,11,16,0.17,0.21,0.35,19.9,DDA3,
YST6_V_9_a_FLC,YST6,V,2,8,22,0.5,0.56,0.65,7.1,DDA3,
YST6_V_9_b_BA,YST6,V,5,8,13,0.25,0.3,0.44,15.8,DDA3,
YST6_V_9_b_FLC,YST6,V,2,9,23,0.55,0.63,0.61,7.3,DDA3,
YST7_R_16_a_BA_48hour,YST7,R,11,12,13,0.06,0.07,0.11,104.2,DDA4,
YST7_R_16_a_FLC_48hour,YST7,R,7,14,16,0.43,0.4,0.32,58.7,DDA4,
YST7_R_16_b_BA_48hour,YST7,R,12,13,15,0.05,0.06,0.13,113.7,DDA4,
YST7_R_17_a_BA_48hour,YST7,R,12,13,14,0.06,0.08,0.11,113.6,DDA4,
YST7_R_17_a_FLC_48hour,YST7,R,5,13,15,0.69,0.53,0.39,52.6,DDA4,
YST7_R_17_b_BA_48hour,YST7,R,13,14,15,0.06,0.08,0.12,107.9,DDA4,
YST7_R_17_b_FLC_48hour,YST7,R,5,14,15,0.59,0.44,0.36,55.7,DDA4,
YST7_R_18_a_BA_48hour,YST7,R,13,14,15,0.06,0.07,0.09,120.5,DDA4,
YST7_R_18_a_FLC_48hour,YST7,R,6,12,14,0.68,0.47,0.36,58.2,DDA4,
YST7_R_18_b_BA_48hour,YST7,R,12,13,14,0.06,0.07,0.1,115.7,DDA4,
YST7_R_18_b_FLC_48hour,YST7,R,3,13,15,0.65,0.47,0.41,52.7,DDA4,
YST7_R_19_a_BA_48hour,YST7,R,13,14,15,0.06,0.08,0.11,118,DDA4,
YST7_R_19_a_FLC_48hour,YST7,R,3,12,16,0.89,0.49,0.44,51.2,DDA4,
YST7_R_19_b_BA_48hour,YST7,R,13,13,15,0.07,0.06,0.13,122.8,DDA4,
YST7_R_19_b_FLC_48hour,YST7,R,7,14,16,0.56,0.46,0.35,61.9,DDA4,
YST7_R_20_a_BA_48hour,YST7,R,12,14,15,0.05,0.09,0.13,115.9,DDA4,
YST7_R_20_a_FLC_48hour,YST7,R,5,13,15,0.63,0.47,0.36,68.6,DDA4,
YST7_R_20_b_BA_48hour,YST7,R,12,13,14,0.06,0.07,0.11,115.8,DDA4,
YST7_R_20_b_FLC_48hour,YST7,R,6,13,15,0.61,0.47,0.36,69.3,DDA4,
YST7_R_21_a_BA_48hour,YST7,R,11,12,13,0.06,0.08,0.12,106.7,DDA4,
YST7_R_21_a_FLC_48hour,YST7,R,6,14,16,0.56,0.41,0.36,61.7,DDA4,
YST7_R_21_b_BA_48hour,YST7,R,13,14,15,0.06,0.08,0.12,116.6,DDA4,
YST7_R_21_b_FLC_48hour,YST7,R,5,14,16,0.62,0.42,0.37,60.5,DDA4,
YST7_R_22_a_BA_48hour,YST7,R,13,14,15,0.06,0.07,0.09,123,DDA4,
YST7_R_22_a_FLC_48hour,YST7,R,5,13,15,0.57,0.5,0.35,60.6,DDA4,
YST7_R_22_b_BA_48hour,YST7,R,12,13,14,0.06,0.08,0.12,123.7,DDA4,
YST7_R_22_b_FLC_48hour,YST7,R,6,13,16,0.6,0.46,0.37,54.4,DDA4,
YST7_V_13_a_BA_48hour,YST7,V,11,11,12,0.07,0.06,0.09,110.3,DDA4,
YST7_V_13_a_FLC_48hour,YST7,V,6,14,15,0.45,0.39,0.33,61.8,DDA4,
YST7_V_13_b_BA_48hour,YST7,V,11,13,14,0.06,0.1,0.14,106.7,DDA4,
YST7_V_13_b_FLC_48hour,YST7,V,6,13,15,0.54,0.44,0.34,66.2,DDA4,
YST7_V_14_a_BA_48hour,YST7,V,12,13,14,0.06,0.07,0.1,118.5,DDA4,
YST7_V_14_a_FLC_48hour,YST7,V,9,14,16,0.44,0.34,0.27,72.4,DDA4,
YST7_V_14_b_BA_48hour,YST7,V,12,13,14,0.06,0.07,0.1,123.1,DDA4,
YST7_V_14_b_FLC_48hour,YST7,V,5,13,15,0.69,0.51,0.38,60.5,DDA4,
YST7_V_15_a_BA_48hour,YST7,V,13,13,14,0.07,0.06,0.09,120.7,DDA4,
YST7_V_15_a_FLC_48hour,YST7,V,3,13,15,0.73,0.54,0.39,63.2,DDA4,
YST7_V_15_b_BA_48hour,YST7,V,11,12,13,0.05,0.07,0.1,110.6,DDA4,
YST7_V_15_b_FLC_48hour,YST7,V,4,13,15,0.79,0.55,0.41,59.4,DDA4,
YST7_V_16_a_BA_48hour,YST7,V,12,13,14,0.06,0.07,0.1,112.5,DDA4,
YST7_V_16_a_FLC_48hour,YST7,V,4,14,15,0.59,0.45,0.38,48.7,DDA4,n
YST7_V_16_b_BA_48hour,YST7,V,12,13,14,0.06,0.08,0.12,116.6,DDA4,
YST7_V_16_b_FLC_48hour,YST7,V,6,14,16,0.66,0.49,0.39,50.5,DDA4,n
YST7_V_17_a_BA_48hour,YST7,V,12,13,14,0.06,0.08,0.12,110.5,DDA4,
YST7_V_17_a_FLC_48hour,YST7,V,5,13,15,0.71,0.47,0.36,59.1,DDA4,
YST7_V_17_b_BA_48hour,YST7,V,13,14,15,0.08,0.09,0.12,120.7,DDA4,
YST7_V_17_b_FLC_48hour,YST7,V,4,13,14,0.6,0.45,0.36,70.1,DDA4,
YST7_V_19_a_BA_48hour,YST7,V,12,13,14,0.06,0.07,0.1,105.5,DDA4,
YST7_V_19_a_FLC_48hour,YST7,V,7,14,15,0.49,0.38,0.31,66.6,DDA4,
YST7_V_19_b_BA_48hour,YST7,V,13,14,15,0.06,0.08,0.12,112.6,DDA4,
YST7_V_19_b_FLC_48hour,YST7,V,6,14,15,0.52,0.4,0.33,63.3,DDA4,
YST7_V_20_a_BA_48hour,YST7,V,12,12,13,0.07,0.07,0.1,117.7,DDA4,
YST7_V_20_a_FLC_48hour,YST7,V,4,13,14,0.62,0.46,0.36,61,DDA4,
YST7_V_20_b_BA_48hour,YST7,V,13,14,15,0.06,0.08,0.11,116.2,DDA4,
YST7_V_20_b_FLC_48hour,YST7,V,5,13,15,0.59,0.48,0.36,62.3,DDA4,
YST7_V_22_a_BA_48hour,YST7,V,12,13,14,0.06,0.07,0.1,107.7,DDA4,
YST7_V_22_a_FLC_48hour,YST7,V,5,14,15,0.62,0.43,0.37,58.4,DDA4,
YST7_V_22_b_BA_48hour,YST7,V,12,13,14,0.06,0.07,0.1,120.8,DDA4,
YST7_V_22_b_FLC_48hour,YST7,V,5,13,14,0.6,0.46,0.37,55.5,DDA4,
YST7_V_23_a_BA_48hour,YST7,V,13,14,15,0.06,0.08,0.11,104.2,DDA4,
YST7_V_23_b_BA_48hour,YST7,V,11,11,12,0.07,0.06,0.09,123.8,DDA4,
YST7_V_23_b_FLC_48hour,YST7,V,7,14,16,0.59,0.41,0.36,59.1,DDA4,
YST7_V_24_a_FLC_48hour,YST7,V,5,14,16,0.59,0.48,0.37,57.9,DDA4,
YST7_V_24_b_BA_48hour,YST7,V,13,13,14,0.07,0.06,0.09,104.2,DDA4,
YST7_V_24_b_FLC_48hour,YST7,V,5,14,15,0.47,0.39,0.34,49.8,DDA4,
YST7_R_1_a_FLC_48hour,YST7,R,4,13,15,0.64,0.5,0.37,55.9,DDA5,
YST7_R_1_b_BA_48hour,YST7,R,13,14,15,0.09,0.08,0.11,122.1,DDA5,
YST7_R_1_b_FLC_48hour,YST7,R,3,13,14,0.71,0.49,0.39,65.7,DDA5,
YST7_R_10_a_BA_48hour,YST7,R,12,13,13,0.06,0.08,0.08,110.4,DDA5,
YST7_R_10_a_FLC_48hour,YST7,R,3,13,15,0.8,0.59,0.43,58.9,DDA5,
YST7_R_10_b_BA_48hour,YST7,R,13,13,14,0.07,0.07,0.09,108.8,DDA5,
YST7_R_10_b_FLC_48hour,YST7,R,5,13,15,0.69,0.48,0.38,56.3,DDA5,
YST7_R_11_a_BA_48hour,YST7,R,11,11,12,0.07,0.07,0.1,115,DDA5,
YST7_R_11_a_FLC_48hour,YST7,R,5,13,15,0.76,0.51,0.38,62.5,DDA5,
YST7_R_11_b_BA_48hour,YST7,R,12,13,14,0.06,0.08,0.12,118,DDA5,
YST7_R_11_b_FLC_48hour,YST7,R,5,13,14,0.64,0.43,0.36,58.1,DDA5,
YST7_R_12_a_BA_48hour,YST7,R,12,13,14,0.06,0.07,0.1,112.9,DDA5,
YST7_R_12_a_FLC_48hour,YST7,R,5,13,16,0.7,0.53,0.41,49.2,DDA5,
YST7_R_12_b_BA_48hour,YST7,R,12,13,14,0.08,0.07,0.09,118.6,DDA5,
YST7_R_12_b_FLC_48hour,YST7,R,6,13,15,0.63,0.48,0.35,63.2,DDA5,
YST7_R_13_a_BA_48hour,YST7,R,12,13,14,0.06,0.07,0.11,113.3,DDA5,
YST7_R_13_a_FLC_48hour,YST7,R,4,13,15,0.78,0.49,0.39,64,DDA5,
YST7_R_13_b_BA_48hour,YST7,R,13,14,15,0.06,0.08,0.12,116.2,DDA5,
YST7_R_13_b_FLC_48hour,YST7,R,3,12,13,0.84,0.58,0.44,50.6,DDA5,
YST7_R_14_a_BA_48hour,YST7,R,13,14,16,0.05,0.06,0.13,126.6,DDA5,
YST7_R_14_a_FLC_48hour,YST7,R,3,13,15,0.68,0.52,0.4,57.8,DDA5,
YST7_R_14_b_BA_48hour,YST7,R,13,14,15,0.06,0.07,0.1,115.5,DDA5,
YST7_R_14_b_FLC_48hour,YST7,R,3,13,14,0.88,0.55,0.43,53.9,DDA5,
YST7_R_15_a_BA_48hour,YST7,R,12,13,14,0.08,0.09,0.13,131.3,DDA5,
YST7_R_15_a_FLC_48hour,YST7,R,4,13,15,0.69,0.55,0.38,54.2,DDA5,
YST7_R_15_b_BA_48hour,YST7,R,12,13,14,0.06,0.07,0.11,120.3,DDA5,
YST7_R_15_b_FLC_48hour,YST7,R,8,15,17,0.49,0.36,0.31,60.7,DDA5,
YST7_R_2_a_BA_48hour,YST7,R,13,13,14,0.07,0.06,0.09,130.5,DDA5,
YST7_R_2_a_FLC_48hour,YST7,R,3,14,16,0.64,0.46,0.41,26.5,DDA5,
YST7_R_2_b_BA_48hour,YST7,R,13,14,15,0.06,0.08,0.11,109.1,DDA5,
YST7_R_2_b_FLC_48hour,YST7,R,5,13,15,0.68,0.5,0.4,46.5,DDA5,
YST7_R_20_a_FLC_48hour,YST7,R,4,13,15,0.57,0.51,0.4,45.2,DDA5,
YST7_R_20_b_FLC_48hour,YST7,R,3,13,14,0.69,0.5,0.41,47.2,DDA5,
YST7_R_22_a_BA_48hour,YST7,R,12,13,14,0.08,0.09,0.12,124.1,DDA5,
YST7_R_22_b_BA_48hour,YST7,R,10,11,12,0.08,0.08,0.11,111.7,DDA5,
YST7_R_23_a_BA_48hour_1,YST7,R,11,12,13,0.06,0.07,0.1,125.8,DDA5,
YST7_R_23_a_BA_48hour_2,YST7,R,14,15,16,0.07,0.09,0.12,110.4,DDA5,
YST7_R_23_a_FLC_48hour_1,YST7,R,5,13,15,0.54,0.48,0.37,54.1,DDA5,
YST7_R_23_a_FLC_48hour_2,YST7,R,6,14,16,0.52,0.47,0.37,49.7,DDA5,
YST7_R_23_b_BA_48hour_1,YST7,R,13,14,15,0.07,0.09,0.13,109.2,DDA5,
YST7_R_23_b_BA_48hour_2,YST7,R,13,13,14,0.07,0.06,0.09,124.2,DDA5,
YST7_R_23_b_FLC_48hour_1,YST7,R,4,13,15,0.7,0.51,0.4,60.6,DDA5,
YST7_R_23_b_FLC_48hour_2,YST7,R,7,15,16,0.49,0.36,0.31,59.7,DDA5,
YST7_R_24_a_BA_48hour_1,YST7,R,12,13,13,0.07,0.09,0.09,121.6,DDA5,
YST7_R_24_a_BA_48hour_2,YST7,R,12,13,14,0.06,0.07,0.11,112.9,DDA5,
YST7_R_24_a_FLC_48hour_1,YST7,R,4,13,15,0.79,0.54,0.43,53.6,DDA5,
YST7_R_24_a_FLC_48hour_2,YST7,R,5,13,15,0.67,0.45,0.36,79.1,DDA5,
YST7_R_24_b_BA_48hour_1,YST7,R,12,13,14,0.05,0.06,0.1,107.5,DDA5,
YST7_R_24_b_BA_48hour_2,YST7,R,13,13,15,0.07,0.07,0.13,116.3,DDA5,
YST7_R_24_b_FLC_48hour_1,YST7,R,3,13,15,0.74,0.55,0.42,47.1,DDA5,
YST7_R_5_a_BA_48hour,YST7,R,12,13,14,0.07,0.09,0.13,112,DDA5,
YST7_R_5_a_FLC_48hour,YST7,R,5,13,15,0.77,0.52,0.39,53.4,DDA5,
YST7_R_5_b_BA_48hour,YST7,R,11,12,13,0.05,0.07,0.1,126.9,DDA5,
YST7_R_5_b_FLC_48hour,YST7,R,5,13,15,0.75,0.52,0.4,51.7,DDA5,
YST7_R_7_a_BA_48hour,YST7,R,12,13,14,0.06,0.07,0.1,120.6,DDA5,
YST7_R_7_a_FLC_48hour,YST7,R,3,12,14,0.73,0.55,0.4,53.3,DDA5,
YST7_R_7_b_BA_48hour,YST7,R,13,14,15,0.06,0.07,0.1,123.1,DDA5,
YST7_R_7_b_FLC_48hour,YST7,R,1,12,14,NA,0.58,0.44,64.9,DDA5,
YST7_R_8_a_BA_48hour,YST7,R,13,14,15,0.06,0.06,0.09,109.5,DDA5,
YST7_R_8_a_FLC_48hour,YST7,R,3,12,14,0.72,0.6,0.45,45.1,DDA5,
YST7_R_8_b_BA_48hour,YST7,R,13,14,15,0.06,0.07,0.1,115.5,DDA5,
YST7_R_8_b_FLC_48hour,YST7,R,3,13,15,0.67,0.52,0.43,42.9,DDA5,
YST7_R_9_a_BA_48hour,YST7,R,13,13,14,0.07,0.06,0.09,126.8,DDA5,
YST7_R_9_a_FLC_48hour,YST7,R,3,12,14,0.83,0.6,0.43,48.8,DDA5,
YST7_R_9_b_BA_48hour,YST7,R,13,14,15,0.06,0.08,0.11,112,DDA5,
YST7_R_9_b_FLC_48hour,YST7,R,4,13,15,0.7,0.54,0.39,52.5,DDA5,
YST7_V_11_a_BA_48hour,YST7,V,11,12,13,0.08,0.09,0.13,121.9,DDA5,
YST7_V_11_a_FLC_48hour,YST7,V,2,11,14,0.83,0.67,0.48,40.7,DDA5,
YST7_V_11_b_BA_48hour,YST7,V,12,13,14,0.06,0.08,0.11,119.9,DDA5,
YST7_V_11_b_FLC_48hour,YST7,V,2,12,14,0.63,0.56,0.45,39.9,DDA5,
YST7_V_12_a_BA_48hour,YST7,V,10,11,12,0.08,0.08,0.12,117.1,DDA5,
YST7_V_12_a_FLC_48hour,YST7,V,2,11,13,0.87,0.66,0.48,41.9,DDA5,
YST7_V_12_b_BA_48hour,YST7,V,10,11,12,0.08,0.07,0.1,113.8,DDA5,
YST7_V_12_b_FLC_48hour,YST7,V,0,10,13,NA,0.75,0.52,43.9,DDA5,
YST7_V_13_a_BA_48hour,YST7,V,13,13,14,0.06,0.06,0.09,108.1,DDA5,
YST7_V_13_a_FLC_48hour,YST7,V,1,11,14,NA,0.69,0.51,37.7,DDA5,
YST7_V_13_b_BA_48hour,YST7,V,12,13,14,0.07,0.07,0.1,117,DDA5,
YST7_V_13_b_FLC_48hour,YST7,V,1,12,14,NA,0.72,0.52,29.4,DDA5,
YST7_V_14_a_BA_48hour,YST7,V,13,14,14,0.07,0.09,0.08,105.8,DDA5,
YST7_V_14_a_FLC_48hour,YST7,V,5,14,16,0.67,0.5,0.4,54.3,DDA5,
YST7_V_14_b_BA_48hour,YST7,V,13,14,15,0.06,0.07,0.09,118.5,DDA5,
YST7_V_14_b_FLC_48hour,YST7,V,4,13,16,0.65,0.48,0.4,46.7,DDA5,
YST7_V_15_a_BA_48hour,YST7,V,13,14,15,0.06,0.08,0.11,107.2,DDA5,
YST7_V_15_a_FLC_48hour,YST7,V,1,12,15,NA,0.55,0.4,58.1,DDA5,
YST7_V_15_b_BA_48hour,YST7,V,12,12,14,0.07,0.06,0.13,119.2,DDA5,
YST7_V_15_b_FLC_48hour,YST7,V,5,13,15,0.72,0.5,0.37,65.9,DDA5,
YST7_V_17_a_BA_48hour,YST7,V,11,12,12,0.08,0.1,0.09,123.5,DDA5,
YST7_V_17_a_FLC_48hour,YST7,V,3,11,13,0.86,0.64,0.46,43.5,DDA5,
YST7_V_17_b_BA_48hour,YST7,V,10,10,11,0.07,0.06,0.09,125,DDA5,
YST7_V_17_b_FLC_48hour,YST7,V,2,12,14,0.8,0.63,0.46,50.8,DDA5,
YST7_V_18_a_BA_48hour_1,YST7,V,11,12,12,0.06,0.09,0.09,115.7,DDA5,
YST7_V_18_a_FLC_48hour_1,YST7,V,0,10,13,NA,0.72,0.51,38.5,DDA5,
YST7_V_18_a_FLC_48hour_2,YST7,V,1,12,14,NA,0.62,0.47,43.4,DDA5,
YST7_V_18_b_BA_48hour_1,YST7,V,12,13,13,0.07,0.09,0.09,112.1,DDA5,
YST7_V_18_b_BA_48hour_2,YST7,V,13,13,15,0.07,0.06,0.13,111,DDA5,
YST7_V_18_b_FLC_48hour_1,YST7,V,1,11,13,NA,0.72,0.49,33.7,DDA5,
YST7_V_19_a_BA_48hour,YST7,V,12,13,14,0.06,0.08,0.11,113,DDA5,
YST7_V_19_a_FLC_48hour,YST7,V,5,13,14,0.72,0.45,0.36,60,DDA5,
YST7_V_19_b_FLC_48hour,YST7,V,2,12,14,0.63,0.54,0.4,51.3,DDA5,
YST7_V_20_a_FLC_48hour,YST7,V,5,12,15,0.72,0.54,0.4,51.6,DDA5,
YST7_V_20_b_BA_48hour,YST7,V,13,14,15,0.07,0.09,0.12,114.6,DDA5,
YST7_V_20_b_FLC_48hour,YST7,V,4,12,14,0.79,0.58,0.41,51.5,DDA5,
YST7_V_21_a_BA_48hour,YST7,V,12,13,13,0.06,0.09,0.09,107.4,DDA5,
YST7_V_21_a_FLC_48hour,YST7,V,3,13,15,0.58,0.55,0.4,50.9,DDA5,
YST7_V_21_b_BA_48hour,YST7,V,13,13,14,0.08,0.07,0.1,98.7,DDA5,
YST7_V_21_b_FLC_48hour,YST7,V,3,13,14,0.69,0.49,0.4,54.7,DDA5,
YST7_V_23_a_BA_48hour,YST7,V,11,13,13,0.09,0.1,0.09,116.1,DDA5,
YST7_V_23_a_FLC_48hour,YST7,V,4,12,14,0.82,0.58,0.4,70.8,DDA5,
YST7_V_23_b_BA_48hour,YST7,V,12,13,14,0.05,0.07,0.1,123.8,DDA5,
YST7_V_23_b_FLC_48hour,YST7,V,5,14,15,0.75,0.47,0.38,65.9,DDA5,
YST7_V_24_a_BA_48hour,YST7,V,12,14,14,0.08,0.1,0.09,112.6,DDA5,
YST7_V_24_a_FLC_48hour,YST7,V,4,14,15,0.58,0.44,0.35,53.8,DDA5,
YST7_V_24_b_BA_48hour,YST7,V,12,13,14,0.06,0.07,0.11,113.7,DDA5,
YST7_V_24_b_FLC_48hour,YST7,V,5,13,15,0.61,0.51,0.37,64.1,DDA5,
YST7_V_4_a_BA_48hour,YST7,V,11,12,13,0.06,0.08,0.13,118.9,DDA5,
YST7_V_4_a_FLC_48hour,YST7,V,5,13,15,0.61,0.5,0.36,62.3,DDA5,
YST7_V_4_b_BA_48hour,YST7,V,12,13,14,0.06,0.07,0.1,105.8,DDA5,
YST7_V_4_b_FLC_48hour,YST7,V,5,13,15,0.64,0.51,0.36,47.7,DDA5,
YST7_V_7_a_BA_48hour,YST7,V,12,13,14,0.07,0.07,0.09,115.2,DDA5,
YST7_V_7_a_FLC_48hour,YST7,V,4,13,15,0.68,0.55,0.39,47.6,DDA5,
YST7_V_7_b_BA_48hour,YST7,V,13,14,15,0.07,0.08,0.12,113,DDA5,
YST7_V_9_a_BA_48hour,YST7,V,13,14,15,0.07,0.09,0.12,101,DDA5,
YST7_V_9_a_FLC_48hour,YST7,V,1,12,14,NA,0.64,0.46,58.1,DDA5,
YST7_V_9_b_BA_48hour,YST7,V,12,13,14,0.06,0.08,0.12,109.7,DDA5,
YST7_V_9_b_FLC_48hour,YST7,V,4,13,15,0.63,0.52,0.4,52.3,DDA5,
YST7_R_3_a_BA_48hour,YST7,R,13,13,15,0.07,0.06,0.13,132.5,DDA6,
YST7_R_3_a_FLC_48hour,YST7,R,10,14,16,0.28,0.26,0.24,88.5,DDA6,
YST7_R_3_b_BA_48hour,YST7,R,14,15,15,0.07,0.08,0.08,138.4,DDA6,
YST7_R_3_b_FLC_48hour,YST7,R,9,14,15,0.24,0.25,0.22,97.5,DDA6,
YST7_R_4_a_BA_48hour,YST7,R,12,13,14,0.08,0.08,0.12,131.3,DDA6,
YST7_R_4_a_FLC_48hour,YST7,R,9,14,16,0.28,0.26,0.24,93.2,DDA6,
YST7_R_4_b_BA_48hour,YST7,R,12,13,14,0.06,0.08,0.12,122.5,DDA6,
YST7_R_4_b_FLC_48hour,YST7,R,10,14,16,0.3,0.25,0.22,100.5,DDA6,
YST7_R_6_a_BA_48hour,YST7,R,12,12,13,0.07,0.07,0.09,131.6,DDA6,
YST7_R_6_a_FLC_48hour,YST7,R,9,14,15,0.24,0.26,0.22,86.9,DDA6,
YST7_R_6_b_BA_48hour,YST7,R,14,15,16,0.06,0.08,0.12,128.4,DDA6,
YST7_R_6_b_FLC_48hour,YST7,R,9,14,15,0.28,0.25,0.23,103.8,DDA6,
YST7_V_1_a_BA_48hour,YST7,V,12,13,14,0.07,0.08,0.12,110.7,DDA6,
YST7_V_1_a_FLC_48hour,YST7,V,10,15,16,0.32,0.27,0.24,77.2,DDA6,
YST7_V_1_b_BA_48hour,YST7,V,12,13,15,0.05,0.07,0.14,95.5,DDA6,
YST7_V_1_b_FLC_48hour,YST7,V,9,14,16,0.29,0.3,0.26,89.4,DDA6,
YST7_V_10_a_BA_48hour,YST7,V,12,13,14,0.06,0.07,0.1,126.8,DDA6,
YST7_V_10_a_FLC_48hour,YST7,V,7,14,15,0.48,0.32,0.29,80.7,DDA6,
YST7_V_10_b_BA_48hour,YST7,V,11,12,13,0.05,0.07,0.11,125.8,DDA6,
YST7_V_10_b_FLC_48hour,YST7,V,7,13,15,0.38,0.35,0.29,88.2,DDA6,
YST7_V_16_a_BA_48hour,YST7,V,13,14,14,0.07,0.09,0.08,135.2,DDA6,
YST7_V_16_a_FLC_48hour,YST7,V,9,14,16,0.33,0.29,0.24,97,DDA6,
YST7_V_16_b_BA_48hour,YST7,V,10,11,12,0.06,0.08,0.12,138.4,DDA6,
YST7_V_16_b_FLC_48hour,YST7,V,9,14,15,0.36,0.26,0.23,88.9,DDA6,
YST7_V_2_a_FLC_48hour,YST7,V,10,15,16,0.32,0.22,0.22,98.1,DDA6,
YST7_V_2_b_BA_48hour,YST7,V,14,15,16,0.06,0.08,0.12,138.3,DDA6,
YST7_V_2_b_FLC_48hour,YST7,V,9,14,15,0.32,0.25,0.23,101.9,DDA6,
YST7_V_21_a_BA_48hour,YST7,V,11,12,14,0.05,0.07,0.14,130.8,DDA6,
YST7_V_21_a_FLC_48hour,YST7,V,9,14,16,0.3,0.26,0.25,95.4,DDA6,
YST7_V_21_b_BA_48hour,YST7,V,13,14,15,0.05,0.06,0.09,128.9,DDA6,
YST7_V_21_b_FLC_48hour,YST7,V,10,14,16,0.32,0.27,0.23,88.6,DDA6,
YST7_V_22_a_BA_48hour,YST7,V,11,12,13,0.07,0.07,0.09,131.6,DDA6,
YST7_V_22_a_FLC_48hour,YST7,V,14,16,17,0.24,0.17,0.16,103.5,DDA6,
YST7_V_22_b_BA_48hour,YST7,V,12,13,14,0.07,0.07,0.09,130,DDA6,
YST7_V_22_b_FLC_48hour,YST7,V,10,15,16,0.22,0.23,0.21,93.6,DDA6,
YST7_V_3_a_BA_48hour,YST7,V,10,11,12,0.08,0.11,0.16,126.5,DDA6,
YST7_V_3_a_FLC_48hour,YST7,V,9,14,16,0.39,0.31,0.26,103.4,DDA6,
YST7_V_3_b_BA_48hour,YST7,V,12,13,14,0.06,0.07,0.11,124.6,DDA6,
YST7_V_3_b_FLC_48hour,YST7,V,9,14,15,0.35,0.26,0.23,97.7,DDA6,
YST7_V_5_a_BA_48hour,YST7,V,12,13,14,0.06,0.08,0.12,124.4,DDA6,
YST7_V_5_a_FLC_48hour,YST7,V,9,14,16,0.29,0.29,0.24,91.5,DDA6,
YST7_V_5_b_BA_48hour,YST7,V,14,15,16,0.06,0.08,0.1,137.7,DDA6,
YST7_V_5_b_FLC_48hour,YST7,V,10,15,16,0.3,0.25,0.23,83.8,DDA6,
YST7_V_6_a_BA_48hour,YST7,V,11,12,13,0.06,0.08,0.12,120.9,DDA6,
YST7_V_6_a_FLC_48hour,YST7,V,9,14,16,0.38,0.3,0.25,86,DDA6,
YST7_V_6_b_BA_48hour,YST7,V,12,13,13,0.07,0.09,0.09,128.6,DDA6,
YST7_V_6_b_FLC_48hour,YST7,V,9,14,15,0.37,0.29,0.23,96.8,DDA6,
YST7_V_8_a_BA_48hour,YST7,V,11,12,13,0.06,0.08,0.13,136.4,DDA6,
YST7_V_8_a_FLC_48hour,YST7,V,10,15,16,0.26,0.24,0.22,88.5,DDA6,
YST7_V_8_b_BA_48hour,YST7,V,12,13,14,0.06,0.08,0.12,127.5,DDA6,
YST7_V_8_b_FLC_48hour,YST7,V,10,14,15,0.33,0.23,0.21,91.6,DDA6,